0,0.00257046,0,0,0,-1.7
0.002,0.00259917,0,0,0,-1.698
0.004,0.00262817,0,0,0,-1.696
0.006,0.00265746,0,0,0,-1.694
0.008,0.00268705,0,0,0,-1.692
0.01,0.00271693,0,0,0,-1.69
0.012,0.00274712,0,0,0,-1.688
0.014,0.00277761,0,0,0,-1.686
0.016,0.00280841,0,0,0,-1.684
0.018,0.00283953,0,0,0,-1.682
0.02,0.00287095,0,0,0,-1.68
0.022,0.00290269,0,0,0,-1.678
0.024,0.00293474,0,0,0,-1.676
0.026,0.00296712,0,0,0,-1.674
0.028,0.00299982,0,0,0,-1.672
0.03,0.00303285,0,0,0,-1.67
0.032,0.00306621,0,0,0,-1.668
0.034,0.0030999,0,0,0,-1.666
0.036,0.00313393,0,0,0,-1.664
0.038,0.00316829,0,0,0,-1.662
0.04,0.003203,0,0,0,-1.66
0.042,0.00323805,0,0,0,-1.658
0.044,0.00327344,0,0,0,-1.656
0.046,0.00330919,0,0,0,-1.654
0.048,0.00334529,0,0,0,-1.652
0.05,0.00338175,0,0,0,-1.65
0.052,0.00341856,0,0,0,-1.648
0.054,0.00345574,0,0,0,-1.646
0.056,0.00349328,0,0,0,-1.644
0.058,0.0035312,0,0,0,-1.642
0.06,0.00356948,0,0,0,-1.64
0.062,0.00360814,0,0,0,-1.638
0.064,0.00364718,0,0,0,-1.636
0.066,0.0036866,0,0,0,-1.634
0.068,0.0037264,0,0,0,-1.632
0.07,0.00376659,0,0,0,-1.63
0.072,0.00380717,0,0,0,-1.628
0.074,0.00384815,0,0,0,-1.626
0.076,0.00388952,0,0,0,-1.624
0.078,0.0039313,0,0,0,-1.622
0.08,0.00397348,0,0,0,-1.62
0.082,0.00401607,0,0,0,-1.618
0.084,0.00405907,0,0,0,-1.616
0.086,0.00410248,0,0,0,-1.614
0.088,0.00414632,0,0,0,-1.612
0.09,0.00419057,0,0,0,-1.61
0.092,0.00423525,0,0,0,-1.608
0.094,0.00428036,0,0,0,-1.606
0.096,0.0043259,0,0,0,-1.604
0.098,0.00437188,0,0,0,-1.602
0.1,0.00441829,0,0,0,-1.6
0.102,0.00446515,0,0,0,-1.598
0.104,0.00451246,0,0,0,-1.596
0.106,0.00456022,0,0,0,-1.594
0.108,0.00460843,0,0,0,-1.592
0.11,0.0046571,0,0,0,-1.59
0.112,0.00470623,0,0,0,-1.588
0.114,0.00475582,0,0,0,-1.586
0.116,0.00480589,0,0,0,-1.584
0.118,0.00485643,0,0,0,-1.582
0.12,0.00490745,0,0,0,-1.58
0.122,0.00495894,0,0,0,-1.578
0.124,0.00501092,0,0,0,-1.576
0.126,0.00506339,0,0,0,-1.574
0.128,0.00511636,0,0,0,-1.572
0.13,0.00516981,0,0,0,-1.57
0.132,0.00522377,0,0,0,-1.568
0.134,0.00527824,0,0,0,-1.566
0.136,0.00533321,0,0,0,-1.564
0.138,0.0053887,0,0,0,-1.562
0.14,0.0054447,0,0,0,-1.56
0.142,0.00550122,0,0,0,-1.558
0.144,0.00555827,0,0,0,-1.556
0.146,0.00561585,0,0,0,-1.554
0.148,0.00567396,0,0,0,-1.552
0.15,0.00573261,0,0,0,-1.55
0.152,0.0057918,0,0,0,-1.548
0.154,0.00585153,0,0,0,-1.546
0.156,0.00591182,0,0,0,-1.544
0.158,0.00597266,0,0,0,-1.542
0.16,0.00603406,0,0,0,-1.54
0.162,0.00609602,0,0,0,-1.538
0.164,0.00615856,0,0,0,-1.536
0.166,0.00622166,0,0,0,-1.534
0.168,0.00628534,0,0,0,-1.532
0.17,0.0063496,0,0,0,-1.53
0.172,0.00641445,0,0,0,-1.528
0.174,0.00647989,0,0,0,-1.526
0.176,0.00654592,0,0,0,-1.524
0.178,0.00661256,0,0,0,-1.522
0.18,0.00667979,0,0,0,-1.52
0.182,0.00674764,0,0,0,-1.518
0.184,0.0068161,0,0,0,-1.516
0.186,0.00688517,0,0,0,-1.514
0.188,0.00695487,0,0,0,-1.512
0.19,0.0070252,0,0,0,-1.51
0.192,0.00709616,0,0,0,-1.508
0.194,0.00716775,0,0,0,-1.506
0.196,0.00723999,0,0,0,-1.504
0.198,0.00731288,0,0,0,-1.502
0.2,0.00738641,0,0,0,-1.5
0.202,0.00746061,0,0,0,-1.498
0.204,0.00753546,0,0,0,-1.496
0.206,0.00761098,0,0,0,-1.494
0.208,0.00768718,0,0,0,-1.492
0.21,0.00776405,0,0,0,-1.49
0.212,0.0078416,0,0,0,-1.488
0.214,0.00791983,0,0,0,-1.486
0.216,0.00799876,0,0,0,-1.484
0.218,0.00807839,0,0,0,-1.482
0.22,0.00815872,0,0,0,-1.48
0.222,0.00823975,0,0,0,-1.478
0.224,0.0083215,0,0,0,-1.476
0.226,0.00840396,0,0,0,-1.474
0.228,0.00848715,0,0,0,-1.472
0.23,0.00857107,0,0,0,-1.47
0.232,0.00865572,0,0,0,-1.468
0.234,0.00874111,0,0,0,-1.466
0.236,0.00882724,0,0,0,-1.464
0.238,0.00891412,0,0,0,-1.462
0.24,0.00900176,0,0,0,-1.46
0.242,0.00909016,0,0,0,-1.458
0.244,0.00917932,0,0,0,-1.456
0.246,0.00926926,0,0,0,-1.454
0.248,0.00935997,0,0,0,-1.452
0.25,0.00945147,0,0,0,-1.45
0.252,0.00954375,0,0,0,-1.448
0.254,0.00963683,0,0,0,-1.446
0.256,0.00973071,0,0,0,-1.444
0.258,0.00982539,0,0,0,-1.442
0.26,0.00992089,0,0,0,-1.44
0.262,0.0100172,0,0,0,-1.438
0.264,0.0101143,0,0,0,-1.436
0.266,0.0102123,0,0,0,-1.434
0.268,0.0103111,0,0,0,-1.432
0.27,0.0104107,0,0,0,-1.43
0.272,0.0105112,0,0,0,-1.428
0.274,0.0106125,0,0,0,-1.426
0.276,0.0107147,0,0,0,-1.424
0.278,0.0108178,0,0,0,-1.422
0.28,0.0109217,0,0,0,-1.42
0.282,0.0110265,0,0,0,-1.418
0.284,0.0111322,0,0,0,-1.416
0.286,0.0112388,0,0,0,-1.414
0.288,0.0113462,0,0,0,-1.412
0.29,0.0114546,0,0,0,-1.41
0.292,0.0115639,0,0,0,-1.408
0.294,0.0116741,0,0,0,-1.406
0.296,0.0117852,0,0,0,-1.404
0.298,0.0118972,0,0,0,-1.402
0.3,0.0120102,0,0,0,-1.4
0.302,0.0121241,0,0,0,-1.398
0.304,0.0122389,0,0,0,-1.396
0.306,0.0123547,0,0,0,-1.394
0.308,0.0124715,0,0,0,-1.392
0.31,0.0125892,0,0,0,-1.39
0.312,0.0127079,0,0,0,-1.388
0.314,0.0128275,0,0,0,-1.386
0.316,0.0129482,0,0,0,-1.384
0.318,0.0130698,0,0,0,-1.382
0.32,0.0131924,0,0,0,-1.38
0.322,0.0133161,0,0,0,-1.378
0.324,0.0134407,0,0,0,-1.376
0.326,0.0135663,0,0,0,-1.374
0.328,0.013693,0,0,0,-1.372
0.33,0.0138207,0,0,0,-1.37
0.332,0.0139495,0,0,0,-1.368
0.334,0.0140793,0,0,0,-1.366
0.336,0.0142101,0,0,0,-1.364
0.338,0.014342,0,0,0,-1.362
0.34,0.014475,0,0,0,-1.36
0.342,0.014609,0,0,0,-1.358
0.344,0.0147441,0,0,0,-1.356
0.346,0.0148803,0,0,0,-1.354
0.348,0.0150176,0,0,0,-1.352
0.35,0.0151559,0,0,0,-1.35
0.352,0.0152954,0,0,0,-1.348
0.354,0.015436,0,0,0,-1.346
0.356,0.0155777,0,0,0,-1.344
0.358,0.0157206,0,0,0,-1.342
0.36,0.0158645,0,0,0,-1.34
0.362,0.0160097,0,0,0,-1.338
0.364,0.0161559,0,0,0,-1.336
0.366,0.0163033,0,0,0,-1.334
0.368,0.0164519,0,0,0,-1.332
0.37,0.0166017,0,0,0,-1.33
0.372,0.0167526,0,0,0,-1.328
0.374,0.0169047,0,0,0,-1.326
0.376,0.017058,0,0,0,-1.324
0.378,0.0172125,0,0,0,-1.322
0.38,0.0173682,0,0,0,-1.32
0.382,0.0175251,0,0,0,-1.318
0.384,0.0176833,0,0,0,-1.316
0.386,0.0178427,0,0,0,-1.314
0.388,0.0180033,0,0,0,-1.312
0.39,0.0181651,0,0,0,-1.31
0.392,0.0183282,0,0,0,-1.308
0.394,0.0184926,0,0,0,-1.306
0.396,0.0186582,0,0,0,-1.304
0.398,0.0188251,0,0,0,-1.302
0.4,0.0189933,0,0,0,-1.3
0.402,0.0191628,0,0,0,-1.298
0.404,0.0193336,0,0,0,-1.296
0.406,0.0195056,0,0,0,-1.294
0.408,0.019679,0,0,0,-1.292
0.41,0.0198537,0,0,0,-1.29
0.412,0.0200298,0,0,0,-1.288
0.414,0.0202072,0,0,0,-1.286
0.416,0.0203859,0,0,0,-1.284
0.418,0.020566,0,0,0,-1.282
0.42,0.0207474,0,0,0,-1.28
0.422,0.0209302,0,0,0,-1.278
0.424,0.0211144,0,0,0,-1.276
0.426,0.0212999,0,0,0,-1.274
0.428,0.0214869,0,0,0,-1.272
0.43,0.0216752,0,0,0,-1.27
0.432,0.021865,0,0,0,-1.268
0.434,0.0220562,0,0,0,-1.266
0.436,0.0222488,0,0,0,-1.264
0.438,0.0224428,0,0,0,-1.262
0.44,0.0226383,0,0,0,-1.26
0.442,0.0228352,0,0,0,-1.258
0.444,0.0230336,0,0,0,-1.256
0.446,0.0232334,0,0,0,-1.254
0.448,0.0234348,0,0,0,-1.252
0.45,0.0236376,0,0,0,-1.25
0.452,0.0238418,0,0,0,-1.248
0.454,0.0240476,0,0,0,-1.246
0.456,0.0242549,0,0,0,-1.244
0.458,0.0244637,0,0,0,-1.242
0.46,0.0246741,0,0,0,-1.24
0.462,0.024886,0,0,0,-1.238
0.464,0.0250994,0,0,0,-1.236
0.466,0.0253143,0,0,0,-1.234
0.468,0.0255308,0,0,0,-1.232
0.47,0.0257489,0,0,0,-1.23
0.472,0.0259686,0,0,0,-1.228
0.474,0.0261898,0,0,0,-1.226
0.476,0.0264126,0,0,0,-1.224
0.478,0.0266371,0,0,0,-1.222
0.48,0.0268631,0,0,0,-1.22
0.482,0.0270908,0,0,0,-1.218
0.484,0.02732,0,0,0,-1.216
0.486,0.0275509,0,0,0,-1.214
0.488,0.0277835,0,0,0,-1.212
0.49,0.0280177,0,0,0,-1.21
0.492,0.0282536,0,0,0,-1.208
0.494,0.0284911,0,0,0,-1.206
0.496,0.0287303,0,0,0,-1.204
0.498,0.0289712,0,0,0,-1.202
0.5,0.0292138,0,0,0,-1.2
0.502,0.0294581,0,0,0,-1.198
0.504,0.0297042,0,0,0,-1.196
0.506,0.0299519,0,0,0,-1.194
0.508,0.0302014,0,0,0,-1.192
0.51,0.0304526,0,0,0,-1.19
0.512,0.0307055,0,0,0,-1.188
0.514,0.0309602,0,0,0,-1.186
0.516,0.0312167,0,0,0,-1.184
0.518,0.031475,0,0,0,-1.182
0.52,0.031735,0,0,0,-1.18
0.522,0.0319968,0,0,0,-1.178
0.524,0.0322605,0,0,0,-1.176
0.526,0.0325259,0,0,0,-1.174
0.528,0.0327932,0,0,0,-1.172
0.53,0.0330623,0,0,0,-1.17
0.532,0.0333332,0,0,0,-1.168
0.534,0.033606,0,0,0,-1.166
0.536,0.0338806,0,0,0,-1.164
0.538,0.0341571,0,0,0,-1.162
0.54,0.0344355,0,0,0,-1.16
0.542,0.0347157,0,0,0,-1.158
0.544,0.0349979,0,0,0,-1.156
0.546,0.0352819,0,0,0,-1.154
0.548,0.0355679,0,0,0,-1.152
0.55,0.0358557,0,0,0,-1.15
0.552,0.0361455,0,0,0,-1.148
0.554,0.0364373,0,0,0,-1.146
0.556,0.036731,0,0,0,-1.144
0.558,0.0370266,0,0,0,-1.142
0.56,0.0373242,0,0,0,-1.14
0.562,0.0376238,0,0,0,-1.138
0.564,0.0379254,0,0,0,-1.136
0.566,0.0382289,0,0,0,-1.134
0.568,0.0385345,0,0,0,-1.132
0.57,0.0388421,0,0,0,-1.13
0.572,0.0391516,0,0,0,-1.128
0.574,0.0394633,0,0,0,-1.126
0.576,0.0397769,0,0,0,-1.124
0.578,0.0400926,0,0,0,-1.122
0.58,0.0404104,0,0,0,-1.12
0.582,0.0407302,0,0,0,-1.118
0.584,0.0410521,0,0,0,-1.116
0.586,0.0413761,0,0,0,-1.114
0.588,0.0417022,0,0,0,-1.112
0.59,0.0420304,0,0,0,-1.11
0.592,0.0423607,0,0,0,-1.108
0.594,0.0426931,0,0,0,-1.106
0.596,0.0430276,0,0,0,-1.104
0.598,0.0433643,0,0,0,-1.102
0.6,0.0437031,0,0,0,-1.1
0.602,0.0440441,0,0,0,-1.098
0.604,0.0443873,0,0,0,-1.096
0.606,0.0447326,0,0,0,-1.094
0.608,0.0450802,0,0,0,-1.092
0.61,0.0454299,0,0,0,-1.09
0.612,0.0457818,0,0,0,-1.088
0.614,0.0461359,0,0,0,-1.086
0.616,0.0464923,0,0,0,-1.084
0.618,0.0468509,0,0,0,-1.082
0.62,0.0472117,0,0,0,-1.08
0.622,0.0475748,0,0,0,-1.078
0.624,0.0479402,0,0,0,-1.076
0.626,0.0483078,0,0,0,-1.074
0.628,0.0486777,0,0,0,-1.072
0.63,0.0490498,0,0,0,-1.07
0.632,0.0494243,0,0,0,-1.068
0.634,0.0498011,0,0,0,-1.066
0.636,0.0501802,0,0,0,-1.064
0.638,0.0505616,0,0,0,-1.062
0.64,0.0509453,0,0,0,-1.06
0.642,0.0513314,0,0,0,-1.058
0.644,0.0517199,0,0,0,-1.056
0.646,0.0521107,0,0,0,-1.054
0.648,0.0525039,0,0,0,-1.052
0.65,0.0528994,0,0,0,-1.05
0.652,0.0532974,0,0,0,-1.048
0.654,0.0536977,0,0,0,-1.046
0.656,0.0541004,0,0,0,-1.044
0.658,0.0545056,0,0,0,-1.042
0.66,0.0549132,0,0,0,-1.04
0.662,0.0553232,0,0,0,-1.038
0.664,0.0557357,0,0,0,-1.036
0.666,0.0561506,0,0,0,-1.034
0.668,0.0565679,0,0,0,-1.032
0.67,0.0569878,0,0,0,-1.03
0.672,0.0574101,0,0,0,-1.028
0.674,0.0578349,0,0,0,-1.026
0.676,0.0582622,0,0,0,-1.024
0.678,0.058692,0,0,0,-1.022
0.68,0.0591243,0,0,0,-1.02
0.682,0.0595592,0,0,0,-1.018
0.684,0.0599965,0,0,0,-1.016
0.686,0.0604364,0,0,0,-1.014
0.688,0.0608789,0,0,0,-1.012
0.69,0.0613239,0,0,0,-1.01
0.692,0.0617715,0,0,0,-1.008
0.694,0.0622217,0,0,0,-1.006
0.696,0.0626744,0,0,0,-1.004
0.698,0.0631298,0,0,0,-1.002
0.7,0.0635877,0,0,0,-1
0.702,0.0640483,0,0,0,-0.998
0.704,0.0645114,0,0,0,-0.996
0.706,0.0649772,0,0,0,-0.994
0.708,0.0654457,0,0,0,-0.992
0.71,0.0659167,0,0,0,-0.99
0.712,0.0663905,0,0,0,-0.988
0.714,0.0668669,0,0,0,-0.986
0.716,0.0673459,0,0,0,-0.984
0.718,0.0678277,0,0,0,-0.982
0.72,0.0683121,0,0,0,-0.98
0.722,0.0687992,0,0,0,-0.978
0.724,0.069289,0,0,0,-0.976
0.726,0.0697816,0,0,0,-0.974
0.728,0.0702768,0,0,0,-0.972
0.73,0.0707748,0,0,0,-0.97
0.732,0.0712756,0,0,0,-0.968
0.734,0.071779,0,0,0,-0.966
0.736,0.0722853,0,0,0,-0.964
0.738,0.0727942,0,0,0,-0.962
0.74,0.073306,0,0,1.87432e-314,-0.96
0.742,0.0738205,0,0,9.06949e-303,-0.958
0.744,0.0743378,0,0,1.69899e-291,-0.956
0.746,0.074858,0,0,1.27171e-280,-0.954
0.748,0.0753809,0,0,3.92158e-270,-0.952
0.75,0.0759066,0,0,5.132e-260,-0.95
0.752,0.0764351,0,0,2.93313e-250,-0.948
0.754,0.0769665,0,0,7.52786e-241,-0.946
0.756,0.0775007,0,0,8.91256e-232,-0.944
0.758,0.0780377,0,0,4.9963e-223,-0.942
0.76,0.0785776,0,0,1.36012e-214,-0.94
0.762,0.0791204,0,0,1.84248e-206,-0.938
0.764,0.079666,0,0,1.27177e-198,-0.936
0.766,0.0802144,0,0,4.57663e-191,-0.934
0.768,0.0807658,0,0,8.77907e-184,-0.932
0.77,0.08132,0,0,9.17153e-177,-0.93
0.772,0.0818772,0,0,5.32786e-170,-0.928
0.774,0.0824372,0,0,1.75597e-163,-0.926
0.776,0.0830001,0,0,3.34802e-157,-0.924
0.778,0.083566,0,0,3.76313e-151,-0.922
0.78,0.0841348,0,0,2.53931e-145,-0.92
0.782,0.0847065,0,0,1.047e-139,-0.918
0.784,0.0852812,0,0,2.68322e-134,-0.916
0.786,0.0858587,0,0,4.34522e-129,-0.914
0.788,0.0864393,0,0,4.51803e-124,-0.912
0.79,0.0870228,0,0,3.0632e-119,-0.91
0.792,0.0876093,0,0,1.37462e-114,-0.908
0.794,0.0881987,0,0,4.1423e-110,-0.906
0.796,0.0887911,0,0,8.50013e-106,-0.904
0.798,0.0893865,0,0,1.20393e-101,-0.902
0.8,0.0899849,0,0,1.19246e-97,-0.9
0.802,0.0905863,0,0,8.36446e-94,-0.898
0.804,0.0911908,0,0,4.2062e-90,-0.896
0.806,0.0917982,0,0,1.53436e-86,-0.894
0.808,0.0924086,0,0,4.10682e-83,-0.892
0.81,0.0930221,0,0,8.15488e-80,-0.89
0.812,0.0936386,0,0,1.2142e-76,-0.888
0.814,0.0942581,0,0,1.36963e-73,-0.886
0.816,0.0948807,0,0,1.18217e-70,-0.884
0.818,0.0955063,0,0,7.88303e-68,-0.882
0.82,0.096135,0,0,4.09908e-65,-0.88
0.822,0.0967668,0,0,1.6771e-62,-0.878
0.824,0.0974016,0,0,5.44598e-60,-0.876
0.826,0.0980395,0,0,1.4154e-57,-0.874
0.828,0.0986804,0,0,2.96815e-55,-0.872
0.83,0.0993245,0,0,5.06162e-53,-0.87
0.832,0.0999717,0,0,7.07244e-51,-0.868
0.834,0.100622,0,0,8.15627e-49,-0.866
0.836,0.101275,0,0,7.81834e-47,-0.864
0.838,0.101932,0,0,6.27177e-45,-0.862
0.84,0.102591,0,0,4.23808e-43,-0.86
0.842,0.103254,0,0,2.42773e-41,-0.858
0.844,0.10392,0,0,1.18616e-39,-0.856
0.846,0.104589,0,0,4.9723e-38,-0.854
0.848,0.105261,0,0,1.79853e-36,-0.852
0.85,0.105936,0,0,5.64434e-35,-0.85
0.852,0.106615,0,0,1.54506e-33,-0.848
0.854,0.107296,0,0,3.70799e-32,-0.846
0.856,0.107981,0,0,7.84037e-31,-0.844
0.858,0.108669,0,0,1.4676e-29,-0.842
0.86,0.10936,0,0,2.44314e-28,-0.84
0.862,0.110054,0,0,3.63314e-27,-0.838
0.864,0.110751,0,0,4.84693e-26,-0.836
0.866,0.111452,0,0,5.82495e-25,-0.834
0.868,0.112156,0,0,6.33117e-24,-0.832
0.87,0.112862,0,0,6.24751e-23,-0.83
0.872,0.113573,0,0,5.6178e-22,-0.828
0.874,0.114286,0,0,4.61965e-21,-0.826
0.876,0.115002,0,0,3.48599e-20,-0.824
0.878,0.115722,0,0,2.42189e-19,-0.822
0.88,0.116445,0,0,1.55411e-18,-0.82
0.882,0.117171,0,0,9.23934e-18,-0.818
0.884,0.117901,0,0,5.1041e-17,-0.816
0.886,0.118633,0,0,2.62758e-16,-0.814
0.888,0.119369,0,0,1.26399e-15,-0.812
0.89,0.120108,0,0,5.69689e-15,-0.81
0.892,0.12085,0,0,2.4118e-14,-0.808
0.894,0.121596,0,0,9.61445e-14,-0.806
0.896,0.122345,0,0,3.61754e-13,-0.804
0.898,0.123097,0,0,1.28766e-12,-0.802
0.9,0.123852,0,0,4.34546e-12,-0.8
0.902,0.12461,0,0,1.39328e-11,-0.798
0.904,0.125372,0,0,4.25297e-11,-0.796
0.906,0.126137,0,0,1.23836e-10,-0.794
0.908,0.126905,0,0,3.44607e-10,-0.792
0.91,0.127677,0,0,9.18137e-10,-0.79
0.912,0.128452,0,0,2.34616e-09,-0.788
0.914,0.12923,0,0,5.75973e-09,-0.786
0.916,0.130011,0,0,1.36065e-08,-0.784
0.918,0.130796,0,0,3.09785e-08,-0.782
0.92,0.131584,0,0,6.80768e-08,-0.78
0.922,0.132375,0,0,1.44606e-07,-0.778
0.924,0.133169,0,0,2.97317e-07,-0.776
0.926,0.133967,0,0,5.92489e-07,-0.774
0.928,0.134768,0,0,1.14584e-06,-0.772
0.93,0.135572,0,0,2.15319e-06,-0.77
0.932,0.13638,0,0,3.93616e-06,-0.768
0.934,0.13719,0,0,7.00787e-06,-0.766
0.936,0.138005,0,0,1.21646e-05,-0.764
0.938,0.138822,0,0,2.06094e-05,-0.762
0.94,0.139643,0,0,3.41136e-05,-0.76
0.942,0.140467,0,0,5.52208e-05,-0.758
0.944,0.141294,0,0,8.74978e-05,-0.756
0.946,0.142125,0,0,0.000135831,-0.754
0.948,0.142958,0,0,0.000206769,-0.752
0.95,0.143796,0,0,0.000308894,-0.75
0.952,0.144636,0,0,0.000453231,-0.748
0.954,0.14548,0,0,0.00065365,-0.746
0.956,0.146327,0,0,0.000927267,-0.744
0.958,0.147177,0,0,0.0012948,-0.742
0.96,0.148031,0,0,0.00178087,-0.74
0.962,0.148888,0,0,0.0024142,-0.738
0.964,0.149748,0,0,0.00322772,-0.736
0.966,0.150611,0,0,0.00425853,-0.734
0.968,0.151478,0,0,0.0055477,-0.732
0.97,0.152348,0,0,0.00713992,-0.73
0.972,0.153222,0,0,0.00908302,-0.728
0.974,0.154099,0,0,0.0114273,-0.726
0.976,0.154979,0,0,0.0142246,-0.724
0.978,0.155862,0,0,0.0175277,-0.722
0.98,0.156748,0,0,0.021389,-0.72
0.982,0.157638,0,0,0.0258596,-0.718
0.984,0.158532,0,0,0.0309882,-0.716
0.986,0.159428,0,0,0.0368202,-0.714
0.988,0.160328,0,0,0.0433963,-0.712
0.99,0.161231,0,0,0.0507521,-0.71
0.992,0.162137,0,0,0.0589167,-0.708
0.994,0.163047,0,0,0.0679126,-0.706
0.996,0.16396,0,0,0.0777549,-0.704
0.998,0.164876,0,0,0.0884509,-0.702
1,0.165795,0,0,0.1,-0.7
1.002,0.166718,0,0,0.112394,-0.698
1.004,0.167644,0,0,0.125616,-0.696
1.006,0.168573,0,0,0.139642,-0.694
1.008,0.169506,0,0,0.154442,-0.692
1.01,0.170442,0,0,0.169978,-0.69
1.012,0.171381,0,0,0.186207,-0.688
1.014,0.172323,0,0,0.20308,-0.686
1.016,0.173268,0,0,0.220545,-0.684
1.018,0.174217,0,0,0.238544,-0.682
1.02,0.175169,0,0,0.257019,-0.68
1.022,0.176125,0,0,0.275907,-0.678
1.024,0.177083,0,0,0.295146,-0.676
1.026,0.178045,0,0,0.314673,-0.674
1.028,0.17901,0,0,0.334423,-0.672
1.03,0.179978,0,0,0.354335,-0.67
1.032,0.18095,0,0,0.374348,-0.668
1.034,0.181925,0,0,0.394402,-0.666
1.036,0.182903,0,0,0.41444,-0.664
1.038,0.183884,0,0,0.434408,-0.662
1.04,0.184868,0,0,0.454254,-0.66
1.042,0.185856,0,0,0.473931,-0.658
1.044,0.186846,0,0,0.493393,-0.656
1.046,0.18784,0,0,0.512599,-0.654
1.048,0.188837,0,0,0.531512,-0.652
1.05,0.189838,0,0,0.550097,-0.65
1.052,0.190841,0,0,0.568325,-0.648
1.054,0.191848,0,0,0.586167,-0.646
1.056,0.192858,0,0,0.603602,-0.644
1.058,0.193871,0,0,0.620608,-0.642
1.06,0.194887,0,0,0.637169,-0.64
1.062,0.195906,0,0,0.653271,-0.638
1.064,0.196929,0,0,0.668903,-0.636
1.066,0.197954,0,0,0.684057,-0.634
1.068,0.198983,0,0,0.698728,-0.632
1.07,0.200015,0,0,0.712911,-0.63
1.072,0.20105,0,0,0.726605,-0.628
1.074,0.202088,0,0,0.739812,-0.626
1.076,0.203129,0,0,0.752534,-0.624
1.078,0.204174,0,0,0.764775,-0.622
1.08,0.205221,0,0,0.77654,-0.62
1.082,0.206271,0,0,0.787838,-0.618
1.084,0.207325,0,0,0.798674,-0.616
1.086,0.208381,0,0,0.80906,-0.614
1.088,0.209441,0,0,0.819003,-0.612
1.09,0.210504,0,0,0.828515,-0.61
1.092,0.211569,0,0,0.837608,-0.608
1.094,0.212638,0,0,0.846292,-0.606
1.096,0.21371,0,0,0.854579,-0.604
1.098,0.214785,0,0,0.862482,-0.602
1.1,0.215863,0,0,0.870014,-0.6
1.102,0.216943,0,0,0.877186,-0.598
1.104,0.218027,0,0,0.884011,-0.596
1.106,0.219114,0,0,0.890502,-0.594
1.108,0.220204,0,0,0.896672,-0.592
1.11,0.221297,0,0,0.902533,-0.59
1.112,0.222392,0,0,0.908096,-0.588
1.114,0.223491,0,0,0.913375,-0.586
1.116,0.224592,0,0,0.918382,-0.584
1.118,0.225697,0,0,0.923127,-0.582
1.12,0.226804,0,0,0.927622,-0.58
1.122,0.227914,0,0,0.931878,-0.578
1.124,0.229028,0,0,0.935906,-0.576
1.126,0.230144,0,0,0.939717,-0.574
1.128,0.231263,0,0,0.94332,-0.572
1.13,0.232384,0,0,0.946725,-0.57
1.132,0.233509,0,0,0.949943,-0.568
1.134,0.234636,0,0,0.952981,-0.566
1.136,0.235767,0,0,0.955849,-0.564
1.138,0.2369,0,0,0.958555,-0.562
1.14,0.238036,0,0,0.961107,-0.56
1.142,0.239174,0,0,0.963514,-0.558
1.144,0.240316,0,0,0.965782,-0.556
1.146,0.24146,0,0,0.967919,-0.554
1.148,0.242607,0,0,0.969932,-0.552
1.15,0.243757,0,0,0.971826,-0.55
1.152,0.244909,0,0,0.97361,-0.548
1.154,0.246064,0,0,0.975288,-0.546
1.156,0.247222,0,0,0.976866,-0.544
1.158,0.248383,0,0,0.978349,-0.542
1.16,0.249546,0,0,0.979744,-0.54
1.162,0.250712,0,0,0.981054,-0.538
1.164,0.25188,0,0,0.982284,-0.536
1.166,0.253051,0,0,0.98344,-0.534
1.168,0.254225,0,0,0.984525,-0.532
1.17,0.255401,0,0,0.985542,-0.53
1.172,0.25658,0,0,0.986497,-0.528
1.174,0.257762,0,0,0.987393,-0.526
1.176,0.258946,0,0,0.988232,-0.524
1.178,0.260133,0,0,0.989019,-0.522
1.18,0.261322,0,0,0.989756,-0.52
1.182,0.262514,0,0,0.990447,-0.518
1.184,0.263708,0,0,0.991093,-0.516
1.186,0.264905,0,0,0.991699,-0.514
1.188,0.266104,0,0,0.992265,-0.512
1.19,0.267306,0,0,0.992795,-0.51
1.192,0.26851,0,0,0.993291,-0.508
1.194,0.269716,0,0,0.993754,-0.506
1.196,0.270925,0,0,0.994187,-0.504
1.198,0.272136,0,0,0.994592,-0.502
1.2,0.27335,0,0,0.99497,-0.5
1.202,0.274566,3.30731e-09,1.97389e-06,0.995323,-0.498
1.204,0.275785,2.64579e-08,7.89527e-06,0.995652,-0.496
1.206,0.277005,8.92917e-08,1.77632e-05,0.99596,-0.494
1.208,0.278228,2.11643e-07,3.15761e-05,0.996247,-0.492
1.21,0.279454,4.13335e-07,4.93318e-05,0.996515,-0.49
1.212,0.280681,7.14182e-07,7.10275e-05,0.996764,-0.488
1.214,0.281911,1.13398e-06,9.66598e-05,0.996997,-0.486
1.216,0.283143,1.6925e-06,0.000126225,0.997214,-0.484
1.218,0.284378,2.40951e-06,0.000159717,0.997416,-0.482
1.22,0.285614,3.30473e-06,0.000197132,0.997604,-0.48
1.222,0.286853,4.39786e-06,0.000238464,0.997779,-0.478
1.224,0.288094,5.70858e-06,0.000283706,0.997942,-0.476
1.226,0.289337,7.25653e-06,0.000332851,0.998094,-0.474
1.228,0.290582,9.0613e-06,0.000385892,0.998235,-0.472
1.23,0.29183,1.11424e-05,0.000442819,0.998366,-0.47
1.232,0.293079,1.35195e-05,0.000503624,0.998488,-0.468
1.234,0.294331,1.62119e-05,0.000568297,0.998601,-0.466
1.236,0.295584,1.92391e-05,0.000636828,0.998706,-0.464
1.238,0.29684,2.26204e-05,0.000709207,0.998804,-0.462
1.24,0.298097,2.63753e-05,0.000785421,0.998895,-0.46
1.242,0.299357,3.05228e-05,0.000865459,0.998979,-0.458
1.244,0.300619,3.50822e-05,0.000949308,0.999057,-0.456
1.246,0.301882,4.00726e-05,0.00103696,0.99913,-0.454
1.248,0.303148,4.55131e-05,0.00112839,0.999197,-0.452
1.25,0.304415,5.14227e-05,0.00122359,0.999259,-0.45
1.252,0.305684,5.78203e-05,0.00132254,0.999317,-0.448
1.254,0.306956,6.47246e-05,0.00142524,0.99937,-0.446
1.256,0.308229,7.21545e-05,0.00153165,0.99942,-0.444
1.258,0.309504,8.01287e-05,0.00164178,0.999465,-0.442
1.26,0.31078,8.86657e-05,0.00175559,0.999508,-0.44
1.262,0.312059,9.77839e-05,0.00187307,0.999547,-0.438
1.264,0.313339,0.000107502,0.0019942,0.999583,-0.436
1.266,0.314621,0.000117838,0.00211897,0.999617,-0.434
1.268,0.315905,0.00012881,0.00224735,0.999648,-0.432
1.27,0.317191,0.000140437,0.00237932,0.999676,-0.43
1.272,0.318478,0.000152736,0.00251487,0.999702,-0.428
1.274,0.319767,0.000165725,0.00265396,0.999727,-0.426
1.276,0.321057,0.000179422,0.00279659,0.999749,-0.424
1.278,0.32235,0.000193845,0.00294272,0.99977,-0.422
1.28,0.323643,0.000209012,0.00309233,0.999789,-0.42
1.282,0.324939,0.000224939,0.00324541,0.999806,-0.418
1.284,0.326236,0.000241644,0.00340191,0.999823,-0.416
1.286,0.327534,0.000259144,0.00356183,0.999838,-0.414
1.288,0.328834,0.000277457,0.00372514,0.999851,-0.412
1.29,0.330136,0.000296599,0.0038918,0.999864,-0.41
1.292,0.331439,0.000316587,0.0040618,0.999875,-0.408
1.294,0.332743,0.000337438,0.0042351,0.999886,-0.406
1.296,0.334049,0.000359168,0.00441169,0.999896,-0.404
1.298,0.335356,0.000381795,0.00459152,0.999905,-0.402
1.3,0.336664,0.000405333,0.00477458,0.999913,-0.4
1.302,0.337974,0.000429799,0.00496083,0.999921,-0.398
1.304,0.339286,0.00045521,0.00515024,0.999928,-0.396
1.306,0.340598,0.00048158,0.00534279,0.999934,-0.394
1.308,0.341912,0.000508927,0.00553844,0.99994,-0.392
1.31,0.343227,0.000537264,0.00573717,0.999945,-0.39
1.312,0.344543,0.000566608,0.00593894,0.99995,-0.388
1.314,0.345861,0.000596974,0.00614372,0.999955,-0.386
1.316,0.34718,0.000628376,0.00635147,0.999959,-0.384
1.318,0.3485,0.000660831,0.00656217,0.999962,-0.382
1.32,0.34982,0.000694351,0.00677578,0.999966,-0.38
1.322,0.351143,0.000728953,0.00699227,0.999969,-0.378
1.324,0.352466,0.00076465,0.00721161,0.999972,-0.376
1.326,0.35379,0.000801457,0.00743375,0.999974,-0.374
1.328,0.355115,0.000839387,0.00765867,0.999977,-0.372
1.33,0.356442,0.000878455,0.00788632,0.999979,-0.37
1.332,0.357769,0.000918673,0.00811668,0.999981,-0.368
1.334,0.359097,0.000960057,0.0083497,0.999983,-0.366
1.336,0.360426,0.00100262,0.00858536,0.999984,-0.364
1.338,0.361756,0.00104637,0.0088236,0.999986,-0.362
1.34,0.363087,0.00109133,0.0090644,0.999987,-0.36
1.342,0.364419,0.0011375,0.00930772,0.999988,-0.358
1.344,0.365751,0.0011849,0.00955351,0.99999,-0.356
1.346,0.367085,0.00123355,0.00980174,0.999991,-0.354
1.348,0.368419,0.00128344,0.0100524,0.999992,-0.352
1.35,0.369754,0.00133461,0.0103054,0.999992,-0.35
1.352,0.371089,0.00138705,0.0105607,0.999993,-0.348
1.354,0.372425,0.00144078,0.0108183,0.999994,-0.346
1.356,0.373762,0.00149581,0.0110781,0.999994,-0.344
1.358,0.3751,0.00155215,0.0113401,0.999995,-0.342
1.36,0.376438,0.00160982,0.0116043,0.999995,-0.34
1.362,0.377777,0.00166882,0.0118706,0.999996,-0.338
1.364,0.379116,0.00172916,0.012139,0.999996,-0.336
1.366,0.380456,0.00179085,0.0124094,0.999997,-0.334
1.368,0.381796,0.00185391,0.0126818,0.999997,-0.332
1.37,0.383137,0.00191835,0.0129562,0.999997,-0.33
1.372,0.384478,0.00198417,0.0132324,0.999998,-0.328
1.374,0.38582,0.00205138,0.0135105,0.999998,-0.326
1.376,0.387162,0.00211999,0.0137904,0.999998,-0.324
1.378,0.388504,0.00219002,0.0140721,0.999998,-0.322
1.38,0.389847,0.00226146,0.0143555,0.999999,-0.32
1.382,0.39119,0.00233434,0.0146406,0.999999,-0.318
1.384,0.392533,0.00240865,0.0149273,0.999999,-0.316
1.386,0.393876,0.00248441,0.0152157,0.999999,-0.314
1.388,0.39522,0.00256162,0.0155055,0.999999,-0.312
1.39,0.396564,0.00264029,0.0157969,0.999999,-0.31
1.392,0.397908,0.00272043,0.0160897,0.999999,-0.308
1.394,0.399252,0.00280204,0.0163839,0.999999,-0.306
1.396,0.400596,0.00288514,0.0166795,0.999999,-0.304
1.398,0.40194,0.00296972,0.0169764,0.999999,-0.302
1.4,0.403285,0.00305581,0.0172746,1,-0.3
1.402,0.404629,0.00314339,0.017574,1,-0.298
1.404,0.405973,0.00323248,0.0178745,1,-0.296
1.406,0.407317,0.00332309,0.0181762,1,-0.294
1.408,0.408661,0.00341521,0.018479,1,-0.292
1.41,0.410005,0.00350886,0.0187828,1,-0.29
1.412,0.411349,0.00360404,0.0190875,1,-0.288
1.414,0.412693,0.00370075,0.0193932,1,-0.286
1.416,0.414036,0.003799,0.0196998,1,-0.284
1.418,0.415379,0.00389879,0.0200073,1,-0.282
1.42,0.416722,0.00400014,0.0203155,1,-0.28
1.422,0.418065,0.00410303,0.0206244,1,-0.278
1.424,0.419407,0.00420748,0.0209341,1,-0.276
1.426,0.420749,0.00431348,0.0212444,1,-0.274
1.428,0.422091,0.00442105,0.0215552,1,-0.272
1.43,0.423432,0.00453018,0.0218667,1,-0.27
1.432,0.424772,0.00464088,0.0221786,1,-0.268
1.434,0.426113,0.00475314,0.022491,1,-0.266
1.436,0.427452,0.00486698,0.0228037,1,-0.264
1.438,0.428791,0.00498239,0.0231168,1,-0.262
1.44,0.43013,0.00509938,0.0234302,1,-0.26
1.442,0.431468,0.00521794,0.0237439,1,-0.258
1.444,0.432805,0.00533808,0.0240577,1,-0.256
1.446,0.434141,0.00545979,0.0243717,1,-0.254
1.448,0.435477,0.00558309,0.0246858,1,-0.252
1.45,0.436812,0.00570796,0.025,1,-0.25
1.452,0.438147,0.00583442,0.0253142,1,-0.248
1.454,0.43948,0.00596245,0.0256283,1,-0.246
1.456,0.440813,0.00609206,0.0259423,1,-0.244
1.458,0.442145,0.00622325,0.0262561,1,-0.242
1.46,0.443475,0.00635601,0.0265698,1,-0.24
1.462,0.444805,0.00649036,0.0268832,1,-0.238
1.464,0.446134,0.00662627,0.0271963,1,-0.236
1.466,0.447462,0.00676376,0.027509,1,-0.234
1.468,0.448789,0.00690282,0.0278214,1,-0.232
1.47,0.450115,0.00704345,0.0281333,1,-0.23
1.472,0.45144,0.00718565,0.0284448,1,-0.228
1.474,0.452764,0.00732941,0.0287556,1,-0.226
1.476,0.454086,0.00747473,0.0290659,1,-0.224
1.478,0.455407,0.00762161,0.0293756,1,-0.222
1.48,0.456727,0.00777005,0.0296845,1,-0.22
1.482,0.458046,0.00792003,0.0299927,1,-0.218
1.484,0.459364,0.00807157,0.0303002,1,-0.216
1.486,0.46068,0.00822464,0.0306068,1,-0.214
1.488,0.461995,0.00837926,0.0309125,1,-0.212
1.49,0.463308,0.00853541,0.0312172,1,-0.21
1.492,0.46462,0.00869308,0.031521,1,-0.208
1.494,0.465931,0.00885229,0.0318238,1,-0.206
1.496,0.46724,0.00901301,0.0321255,1,-0.204
1.498,0.468547,0.00917525,0.032426,1,-0.202
1.5,0.469853,0.00933899,0.0327254,1,-0.2
1.502,0.471157,0.00950424,0.0330236,1,-0.198
1.504,0.47246,0.00967098,0.0333205,1,-0.196
1.506,0.473761,0.00983921,0.0336161,1,-0.194
1.508,0.475061,0.0100089,0.0339103,1,-0.192
1.51,0.476358,0.0101801,0.0342031,1,-0.19
1.512,0.477654,0.0103528,0.0344945,1,-0.188
1.514,0.478948,0.0105269,0.0347843,1,-0.186
1.516,0.48024,0.0107025,0.0350727,1,-0.184
1.518,0.481531,0.0108795,0.0353594,1,-0.182
1.52,0.482819,0.0110579,0.0356445,1,-0.18
1.522,0.484106,0.0112378,0.0359279,1,-0.178
1.524,0.48539,0.0114191,0.0362096,1,-0.176
1.526,0.486673,0.0116018,0.0364895,1,-0.174
1.528,0.487954,0.0117859,0.0367676,1,-0.172
1.53,0.489232,0.0119714,0.0370438,1,-0.17
1.532,0.490508,0.0121583,0.0373182,1,-0.168
1.534,0.491783,0.0123466,0.0375906,1,-0.166
1.536,0.493055,0.0125362,0.037861,1,-0.164
1.538,0.494325,0.0127272,0.0381294,1,-0.162
1.54,0.495592,0.0129196,0.0383957,1,-0.16
1.542,0.496858,0.0131132,0.0386599,1,-0.158
1.544,0.498121,0.0133082,0.0389219,1,-0.156
1.546,0.499381,0.0135045,0.0391817,1,-0.154
1.548,0.50064,0.0137021,0.0394393,1,-0.152
1.55,0.501896,0.013901,0.0396946,1,-0.15
1.552,0.503149,0.0141011,0.0399476,1,-0.148
1.554,0.5044,0.0143026,0.0401983,1,-0.146
1.556,0.505649,0.0145053,0.0404465,1,-0.144
1.558,0.506895,0.0147092,0.0406923,1,-0.142
1.56,0.508138,0.0149143,0.0409356,1,-0.14
1.562,0.509379,0.0151207,0.0411764,1,-0.138
1.564,0.510617,0.0153283,0.0414146,1,-0.136
1.566,0.511853,0.015537,0.0416503,1,-0.134
1.568,0.513085,0.015747,0.0418833,1,-0.132
1.57,0.514315,0.0159581,0.0421137,1,-0.13
1.572,0.515543,0.0161704,0.0423413,1,-0.128
1.574,0.516767,0.0163838,0.0425662,1,-0.126
1.576,0.517989,0.0165983,0.0427884,1,-0.124
1.578,0.519207,0.0168139,0.0430077,1,-0.122
1.58,0.520423,0.0170306,0.0432242,1,-0.12
1.582,0.521636,0.0172484,0.0434378,1,-0.118
1.584,0.522846,0.0174673,0.0436485,1,-0.116
1.586,0.524053,0.0176872,0.0438563,1,-0.114
1.588,0.525257,0.0179082,0.0440611,1,-0.112
1.59,0.526457,0.0181302,0.0442628,1,-0.11
1.592,0.527655,0.0183532,0.0444616,1,-0.108
1.594,0.528849,0.0185772,0.0446572,1,-0.106
1.596,0.530041,0.0188021,0.0448498,1,-0.104
1.598,0.531229,0.019028,0.0450392,1,-0.102
1.6,0.532413,0.0192549,0.0452254,1,-0.1
1.602,0.533595,0.0194827,0.0454085,1,-0.098
1.604,0.534773,0.0197114,0.0455883,1,-0.096
1.606,0.535948,0.019941,0.0457649,1,-0.094
1.608,0.537119,0.0201715,0.0459382,1,-0.092
1.61,0.538287,0.0204028,0.0461082,1,-0.09
1.612,0.539452,0.020635,0.0462749,1,-0.088
1.614,0.540613,0.020868,0.0464382,1,-0.086
1.616,0.54177,0.0211018,0.0465981,1,-0.084
1.618,0.542924,0.0213364,0.0467546,1,-0.082
1.62,0.544075,0.0215718,0.0469077,1,-0.08
1.622,0.545222,0.021808,0.0470573,1,-0.078
1.624,0.546365,0.0220449,0.0472034,1,-0.076
1.626,0.547504,0.0222825,0.047346,1,-0.074
1.628,0.54864,0.0225209,0.0474851,1,-0.072
1.63,0.549772,0.0227599,0.0476207,1,-0.07
1.632,0.5509,0.0229996,0.0477526,1,-0.068
1.634,0.552024,0.02324,0.047881,1,-0.066
1.636,0.553145,0.023481,0.0480058,1,-0.064
1.638,0.554262,0.0237226,0.0481269,1,-0.062
1.64,0.555374,0.0239648,0.0482444,1,-0.06
1.642,0.556483,0.0242076,0.0483582,1,-0.058
1.644,0.557588,0.0244509,0.0484683,1,-0.056
1.646,0.558689,0.0246948,0.0485748,1,-0.054
1.648,0.559785,0.0249392,0.0486775,1,-0.052
1.65,0.560878,0.0251842,0.0487764,1,-0.05
1.652,0.561967,0.0254296,0.0488716,1,-0.048
1.654,0.563051,0.0256755,0.048963,1,-0.046
1.656,0.564131,0.0259218,0.0490507,1,-0.044
1.658,0.565207,0.0261686,0.0491345,1,-0.042
1.66,0.566279,0.0264158,0.0492146,1,-0.04
1.662,0.567346,0.0266633,0.0492908,1,-0.038
1.664,0.56841,0.0269113,0.0493632,1,-0.036
1.666,0.569469,0.0271596,0.0494317,1,-0.034
1.668,0.570523,0.0274082,0.0494964,1,-0.032
1.67,0.571573,0.0276572,0.0495572,1,-0.03
1.672,0.572619,0.0279064,0.0496141,1,-0.028
1.674,0.57366,0.0281559,0.0496671,1,-0.026
1.676,0.574697,0.0284057,0.0497163,1,-0.024
1.678,0.575729,0.0286557,0.0497615,1,-0.022
1.68,0.576756,0.028906,0.0498029,1,-0.02
1.682,0.57778,0.0291564,0.0498403,1,-0.018
1.684,0.578798,0.029407,0.0498738,1,-0.016
1.686,0.579812,0.0296578,0.0499033,1,-0.014
1.688,0.580821,0.0299087,0.049929,1,-0.012
1.69,0.581825,0.0301597,0.0499507,1,-0.01
1.692,0.582825,0.0304108,0.0499684,1,-0.008
1.694,0.58382,0.030662,0.0499822,1,-0.006
1.696,0.58481,0.0309133,0.0499921,1,-0.004
1.698,0.585795,0.0311646,0.049998,1,-0.002
1.7,0.586776,0.0314159,0.05,1,1.33227e-15
1.702,0.587751,0.0316673,0.049998,1,0.002
1.704,0.588722,0.0319186,0.0499921,1,0.004
1.706,0.589687,0.0321698,0.0499822,1,0.006
1.708,0.590648,0.032421,0.0499684,1,0.008
1.71,0.591604,0.0326722,0.0499507,1,0.01
1.712,0.592554,0.0329232,0.049929,1,0.012
1.714,0.5935,0.0331741,0.0499033,1,0.014
1.716,0.59444,0.0334249,0.0498738,1,0.016
1.718,0.595376,0.0336755,0.0498403,1,0.018
1.72,0.596306,0.0339259,0.0498029,1,0.02
1.722,0.597231,0.0341761,0.0497615,1,0.022
1.724,0.59815,0.0344261,0.0497163,1,0.024
1.726,0.599065,0.0346759,0.0496671,1,0.026
1.728,0.599974,0.0349254,0.0496141,1,0.028
1.73,0.600878,0.0351747,0.0495572,1,0.03
1.732,0.601777,0.0354236,0.0494964,1,0.032
1.734,0.60267,0.0356723,0.0494317,1,0.034
1.736,0.603558,0.0359206,0.0493632,1,0.036
1.738,0.604441,0.0361685,0.0492908,1,0.038
1.74,0.605318,0.0364161,0.0492146,1,0.04
1.742,0.606189,0.0366633,0.0491345,1,0.042
1.744,0.607055,0.03691,0.0490507,1,0.044
1.746,0.607916,0.0371564,0.048963,1,0.046
1.748,0.608771,0.0374023,0.0488716,1,0.048
1.75,0.609621,0.0376477,0.0487764,1,0.05
1.752,0.610465,0.0378926,0.0486775,1,0.052
1.754,0.611303,0.038137,0.0485748,1,0.054
1.756,0.612135,0.0383809,0.0484683,1,0.056
1.758,0.612962,0.0386243,0.0483582,1,0.058
1.76,0.613784,0.0388671,0.0482444,1,0.06
1.762,0.614599,0.0391093,0.0481269,1,0.062
1.764,0.615409,0.0393509,0.0480058,1,0.064
1.766,0.616213,0.0395919,0.047881,1,0.066
1.768,0.617011,0.0398322,0.0477526,1,0.068
1.77,0.617803,0.0400719,0.0476207,1,0.07
1.772,0.61859,0.040311,0.0474851,1,0.072
1.774,0.61937,0.0405493,0.047346,1,0.074
1.776,0.620145,0.0407869,0.0472034,1,0.076
1.778,0.620914,0.0410239,0.0470573,1,0.078
1.78,0.621677,0.04126,0.0469077,1,0.08
1.782,0.622434,0.0414954,0.0467546,1,0.082
1.784,0.623184,0.04173,0.0465981,1,0.084
1.786,0.623929,0.0419639,0.0464382,1,0.086
1.788,0.624668,0.0421969,0.0462749,1,0.088
1.79,0.625401,0.0424291,0.0461082,1,0.09
1.792,0.626127,0.0426604,0.0459382,1,0.092
1.794,0.626848,0.0428909,0.0457649,1,0.094
1.796,0.627562,0.0431205,0.0455883,1,0.096
1.798,0.62827,0.0433492,0.0454085,1,0.098
1.8,0.628972,0.043577,0.0452254,1,0.1
1.802,0.629668,0.0438038,0.0450392,1,0.102
1.804,0.630357,0.0440297,0.0448498,1,0.104
1.806,0.631041,0.0442547,0.0446572,1,0.106
1.808,0.631718,0.0444787,0.0444616,1,0.108
1.81,0.632388,0.0447017,0.0442628,1,0.11
1.812,0.633053,0.0449237,0.0440611,1,0.112
1.814,0.633711,0.0451446,0.0438563,1,0.114
1.816,0.634362,0.0453645,0.0436485,1,0.116
1.818,0.635008,0.0455834,0.0434378,1,0.118
1.82,0.635646,0.0458012,0.0432242,1,0.12
1.822,0.636279,0.0460179,0.0430077,1,0.122
1.824,0.636905,0.0462336,0.0427884,1,0.124
1.826,0.637524,0.0464481,0.0425662,1,0.126
1.828,0.638137,0.0466615,0.0423413,1,0.128
1.83,0.638744,0.0468738,0.0421137,1,0.13
1.832,0.639344,0.0470849,0.0418833,1,0.132
1.834,0.639937,0.0472948,0.0416503,1,0.134
1.836,0.640524,0.0475036,0.0414146,1,0.136
1.838,0.641104,0.0477111,0.0411764,1,0.138
1.84,0.641678,0.0479175,0.0409356,1,0.14
1.842,0.642245,0.0481227,0.0406923,1,0.142
1.844,0.642806,0.0483266,0.0404465,1,0.144
1.846,0.643359,0.0485293,0.0401983,1,0.146
1.848,0.643906,0.0487307,0.0399476,1,0.148
1.85,0.644447,0.0489309,0.0396946,1,0.15
1.852,0.644981,0.0491298,0.0394393,1,0.152
1.854,0.645507,0.0493274,0.0391817,1,0.154
1.856,0.646028,0.0495237,0.0389219,1,0.156
1.858,0.646541,0.0497186,0.0386599,1,0.158
1.86,0.647048,0.0499123,0.0383957,1,0.16
1.862,0.647548,0.0501046,0.0381294,1,0.162
1.864,0.648041,0.0502956,0.037861,1,0.164
1.866,0.648527,0.0504852,0.0375906,1,0.166
1.868,0.649006,0.0506735,0.0373182,1,0.168
1.87,0.649479,0.0508604,0.0370438,1,0.17
1.872,0.649944,0.0510459,0.0367676,1,0.172
1.874,0.650403,0.05123,0.0364895,1,0.174
1.876,0.650855,0.0514127,0.0362096,1,0.176
1.878,0.6513,0.051594,0.0359279,1,0.178
1.88,0.651738,0.0517739,0.0356445,1,0.18
1.882,0.652169,0.0519524,0.0353594,1,0.182
1.884,0.652593,0.0521294,0.0350727,1,0.184
1.886,0.65301,0.052305,0.0347843,1,0.186
1.888,0.65342,0.0524791,0.0344945,1,0.188
1.89,0.653823,0.0526517,0.0342031,1,0.19
1.892,0.654219,0.0528229,0.0339103,1,0.192
1.894,0.654608,0.0529926,0.0336161,1,0.194
1.896,0.65499,0.0531609,0.0333205,1,0.196
1.898,0.655365,0.0533276,0.0330236,1,0.198
1.9,0.655733,0.0534929,0.0327254,1,0.2
1.902,0.656094,0.0536566,0.032426,1,0.202
1.904,0.656447,0.0538188,0.0321255,1,0.204
1.906,0.656794,0.0539796,0.0318238,1,0.206
1.908,0.657133,0.0541388,0.031521,1,0.208
1.91,0.657466,0.0542964,0.0312172,1,0.21
1.912,0.657791,0.0544526,0.0309125,1,0.212
1.914,0.658109,0.0546072,0.0306068,1,0.214
1.916,0.65842,0.0547603,0.0303002,1,0.216
1.918,0.658723,0.0549118,0.0299927,1,0.218
1.92,0.65902,0.0550618,0.0296845,1,0.22
1.922,0.659309,0.0552102,0.0293756,1,0.222
1.924,0.659591,0.0553571,0.0290659,1,0.224
1.926,0.659866,0.0555024,0.0287556,1,0.226
1.928,0.660134,0.0556462,0.0284448,1,0.228
1.93,0.660394,0.0557884,0.0281333,1,0.23
1.932,0.660647,0.055929,0.0278214,1,0.232
1.934,0.660893,0.0560681,0.027509,1,0.234
1.936,0.661132,0.0562056,0.0271963,1,0.236
1.938,0.661363,0.0563415,0.0268832,1,0.238
1.94,0.661588,0.0564758,0.0265698,1,0.24
1.942,0.661804,0.0566086,0.0262561,1,0.242
1.944,0.662014,0.0567398,0.0259423,1,0.244
1.946,0.662216,0.0568694,0.0256283,1,0.246
1.948,0.662411,0.0569974,0.0253142,1,0.248
1.95,0.662599,0.0571239,0.025,1,0.25
1.952,0.66278,0.0572488,0.0246858,1,0.252
1.954,0.662953,0.0573721,0.0243717,1,0.254
1.956,0.663118,0.0574938,0.0240577,1,0.256
1.958,0.663277,0.0576139,0.0237439,1,0.258
1.96,0.663428,0.0577325,0.0234302,1,0.26
1.962,0.663572,0.0578495,0.0231168,1,0.262
1.964,0.663708,0.0579649,0.0228037,1,0.264
1.966,0.663837,0.0580787,0.022491,1,0.266
1.968,0.663959,0.058191,0.0221786,1,0.268
1.97,0.664073,0.0583017,0.0218667,1,0.27
1.972,0.66418,0.0584108,0.0215552,1,0.272
1.974,0.66428,0.0585184,0.0212444,1,0.274
1.976,0.664372,0.0586244,0.0209341,1,0.276
1.978,0.664457,0.0587288,0.0206244,1,0.278
1.98,0.664535,0.0588317,0.0203155,1,0.28
1.982,0.664605,0.0589331,0.0200073,1,0.282
1.984,0.664667,0.0590329,0.0196998,1,0.284
1.986,0.664723,0.0591311,0.0193932,1,0.286
1.988,0.664771,0.0592278,0.0190875,1,0.288
1.99,0.664811,0.059323,0.0187828,1,0.29
1.992,0.664845,0.0594166,0.018479,1,0.292
1.994,0.664871,0.0595088,0.0181762,1,0.294
1.996,0.664889,0.0595994,0.0178745,1,0.296
1.998,0.6649,0.0596885,0.017574,1,0.298
2,0.664904,0.059776,0.0172746,1,0.3
2.002,0.6649,0.0598621,0.0169764,0.999999,0.302
2.004,0.664889,0.0599467,0.0166795,0.999999,0.304
2.006,0.664871,0.0600298,0.0163839,0.999999,0.306
2.008,0.664845,0.0601114,0.0160897,0.999999,0.308
2.01,0.664811,0.0601916,0.0157969,0.999999,0.31
2.012,0.664771,0.0602702,0.0155055,0.999999,0.312
2.014,0.664723,0.0603474,0.0152157,0.999999,0.314
2.016,0.664667,0.0604232,0.0149273,0.999999,0.316
2.018,0.664605,0.0604975,0.0146406,0.999999,0.318
2.02,0.664535,0.0605704,0.0143555,0.999999,0.32
2.022,0.664457,0.0606418,0.0140721,0.999998,0.322
2.024,0.664372,0.0607119,0.0137904,0.999998,0.324
2.026,0.66428,0.0607805,0.0135105,0.999998,0.326
2.028,0.66418,0.0608477,0.0132324,0.999998,0.328
2.03,0.664073,0.0609135,0.0129562,0.999997,0.33
2.032,0.663959,0.0609779,0.0126818,0.999997,0.332
2.034,0.663837,0.061041,0.0124094,0.999997,0.334
2.036,0.663708,0.0611027,0.012139,0.999996,0.336
2.038,0.663572,0.061163,0.0118706,0.999996,0.338
2.04,0.663428,0.061222,0.0116043,0.999995,0.34
2.042,0.663277,0.0612797,0.0113401,0.999995,0.342
2.044,0.663118,0.061336,0.0110781,0.999994,0.344
2.046,0.662953,0.0613911,0.0108183,0.999994,0.346
2.048,0.66278,0.0614448,0.0105607,0.999993,0.348
2.05,0.662599,0.0614972,0.0103054,0.999992,0.35
2.052,0.662411,0.0615484,0.0100524,0.999992,0.352
2.054,0.662216,0.0615983,0.00980174,0.999991,0.354
2.056,0.662014,0.061647,0.00955351,0.99999,0.356
2.058,0.661804,0.0616944,0.00930772,0.999988,0.358
2.06,0.661588,0.0617405,0.0090644,0.999987,0.36
2.062,0.661363,0.0617855,0.0088236,0.999986,0.362
2.064,0.661132,0.0618292,0.00858536,0.999984,0.364
2.066,0.660893,0.0618718,0.0083497,0.999983,0.366
2.068,0.660647,0.0619132,0.00811668,0.999981,0.368
2.07,0.660394,0.0619534,0.00788632,0.999979,0.37
2.072,0.660134,0.0619925,0.00765867,0.999977,0.372
2.074,0.659866,0.0620304,0.00743375,0.999974,0.374
2.076,0.659591,0.0620672,0.00721161,0.999972,0.376
2.078,0.659309,0.0621029,0.00699227,0.999969,0.378
2.08,0.65902,0.0621375,0.00677578,0.999966,0.38
2.082,0.658723,0.062171,0.00656217,0.999962,0.382
2.084,0.65842,0.0622035,0.00635147,0.999959,0.384
2.086,0.658109,0.0622349,0.00614372,0.999955,0.386
2.088,0.657791,0.0622652,0.00593894,0.99995,0.388
2.09,0.657466,0.0622946,0.00573717,0.999945,0.39
2.092,0.657133,0.0623229,0.00553844,0.99994,0.392
2.094,0.656794,0.0623503,0.00534279,0.999934,0.394
2.096,0.656447,0.0623766,0.00515024,0.999928,0.396
2.098,0.656094,0.0624021,0.00496083,0.999921,0.398
2.1,0.655733,0.0624265,0.00477458,0.999913,0.4
2.102,0.655365,0.0624501,0.00459152,0.999905,0.402
2.104,0.65499,0.0624727,0.00441169,0.999896,0.404
2.106,0.654608,0.0624944,0.0042351,0.999886,0.406
2.108,0.654219,0.0625153,0.0040618,0.999875,0.408
2.11,0.653823,0.0625353,0.0038918,0.999864,0.41
2.112,0.65342,0.0625544,0.00372514,0.999851,0.412
2.114,0.65301,0.0625727,0.00356183,0.999838,0.414
2.116,0.652593,0.0625902,0.00340191,0.999823,0.416
2.118,0.652169,0.0626069,0.00324541,0.999806,0.418
2.12,0.651738,0.0626228,0.00309233,0.999789,0.42
2.122,0.6513,0.062638,0.00294272,0.99977,0.422
2.124,0.650855,0.0626524,0.00279659,0.999749,0.424
2.126,0.650403,0.0626661,0.00265396,0.999727,0.426
2.128,0.649944,0.0626791,0.00251487,0.999702,0.428
2.13,0.649479,0.0626914,0.00237932,0.999676,0.43
2.132,0.649006,0.062703,0.00224735,0.999648,0.432
2.134,0.648527,0.062714,0.00211897,0.999617,0.434
2.136,0.648041,0.0627244,0.0019942,0.999583,0.436
2.138,0.647548,0.0627341,0.00187307,0.999547,0.438
2.14,0.647048,0.0627432,0.00175559,0.999508,0.44
2.142,0.646541,0.0627517,0.00164178,0.999465,0.442
2.144,0.646028,0.0627597,0.00153165,0.99942,0.444
2.146,0.645507,0.0627671,0.00142524,0.99937,0.446
2.148,0.644981,0.062774,0.00132254,0.999317,0.448
2.15,0.644447,0.0627804,0.00122359,0.999259,0.45
2.152,0.643906,0.0627863,0.00112839,0.999197,0.452
2.154,0.643359,0.0627918,0.00103696,0.99913,0.454
2.156,0.642806,0.0627968,0.000949308,0.999057,0.456
2.158,0.642245,0.0628013,0.000865459,0.998979,0.458
2.16,0.641678,0.0628055,0.000785421,0.998895,0.46
2.162,0.641104,0.0628092,0.000709207,0.998804,0.462
2.164,0.640524,0.0628126,0.000636828,0.998706,0.464
2.166,0.639937,0.0628156,0.000568297,0.998601,0.466
2.168,0.639344,0.0628183,0.000503624,0.998488,0.468
2.17,0.638744,0.0628207,0.000442819,0.998366,0.47
2.172,0.638137,0.0628228,0.000385892,0.998235,0.472
2.174,0.637524,0.0628246,0.000332851,0.998094,0.474
2.176,0.636905,0.0628261,0.000283706,0.997942,0.476
2.178,0.636279,0.0628275,0.000238464,0.997779,0.478
2.18,0.635646,0.0628285,0.000197132,0.997604,0.48
2.182,0.635008,0.0628294,0.000159717,0.997416,0.482
2.184,0.634362,0.0628302,0.000126225,0.997214,0.484
2.186,0.633711,0.0628307,9.66598e-05,0.996997,0.486
2.188,0.633053,0.0628311,7.10275e-05,0.996764,0.488
2.19,0.632388,0.0628314,4.93318e-05,0.996515,0.49
2.192,0.631718,0.0628316,3.15761e-05,0.996247,0.492
2.194,0.631041,0.0628318,1.77632e-05,0.99596,0.494
2.196,0.630357,0.0628318,7.89527e-06,0.995652,0.496
2.198,0.629668,0.0628318,1.97389e-06,0.995323,0.498
2.2,0.628972,0.0628319,0,0.99497,0.5
2.202,0.62827,0.0628319,0,0.994592,0.502
2.204,0.627562,0.0628319,0,0.994187,0.504
2.206,0.626848,0.0628319,0,0.993754,0.506
2.208,0.626127,0.0628319,0,0.993291,0.508
2.21,0.625401,0.0628319,0,0.992795,0.51
2.212,0.624668,0.0628319,0,0.992265,0.512
2.214,0.623929,0.0628319,0,0.991699,0.514
2.216,0.623184,0.0628319,0,0.991093,0.516
2.218,0.622434,0.0628319,0,0.990447,0.518
2.22,0.621677,0.0628319,0,0.989756,0.52
2.222,0.620914,0.0628319,0,0.989019,0.522
2.224,0.620145,0.0628319,0,0.988232,0.524
2.226,0.61937,0.0628319,0,0.987393,0.526
2.228,0.61859,0.0628319,0,0.986497,0.528
2.23,0.617803,0.0628319,0,0.985542,0.53
2.232,0.617011,0.0628319,0,0.984525,0.532
2.234,0.616213,0.0628319,0,0.98344,0.534
2.236,0.615409,0.0628319,0,0.982284,0.536
2.238,0.614599,0.0628319,0,0.981054,0.538
2.24,0.613784,0.0628319,0,0.979744,0.54
2.242,0.612962,0.0628319,0,0.978349,0.542
2.244,0.612135,0.0628319,0,0.976866,0.544
2.246,0.611303,0.0628319,0,0.975288,0.546
2.248,0.610465,0.0628319,0,0.97361,0.548
2.25,0.609621,0.0628319,0,0.971826,0.55
2.252,0.608771,0.0628319,0,0.969932,0.552
2.254,0.607916,0.0628319,0,0.967919,0.554
2.256,0.607055,0.0628319,0,0.965782,0.556
2.258,0.606189,0.0628319,0,0.963514,0.558
2.26,0.605318,0.0628319,0,0.961107,0.56
2.262,0.604441,0.0628319,0,0.958555,0.562
2.264,0.603558,0.0628319,0,0.955849,0.564
2.266,0.60267,0.0628319,0,0.952981,0.566
2.268,0.601777,0.0628319,0,0.949943,0.568
2.27,0.600878,0.0628319,0,0.946725,0.57
2.272,0.599974,0.0628319,0,0.94332,0.572
2.274,0.599065,0.0628319,0,0.939717,0.574
2.276,0.59815,0.0628319,0,0.935906,0.576
2.278,0.597231,0.0628319,0,0.931878,0.578
2.28,0.596306,0.0628319,0,0.927622,0.58
2.282,0.595376,0.0628319,0,0.923127,0.582
2.284,0.59444,0.0628319,0,0.918382,0.584
2.286,0.5935,0.0628319,0,0.913375,0.586
2.288,0.592554,0.0628319,0,0.908096,0.588
2.29,0.591604,0.0628319,0,0.902533,0.59
2.292,0.590648,0.0628319,0,0.896672,0.592
2.294,0.589687,0.0628319,0,0.890502,0.594
2.296,0.588722,0.0628319,0,0.884011,0.596
2.298,0.587751,0.0628319,0,0.877186,0.598
2.3,0.586776,0.0628319,0,0.870014,0.6
2.302,0.585795,0.0628319,0,0.862482,0.602
2.304,0.58481,0.0628319,0,0.854579,0.604
2.306,0.58382,0.0628319,0,0.846292,0.606
2.308,0.582825,0.0628319,0,0.837608,0.608
2.31,0.581825,0.0628319,0,0.828515,0.61
2.312,0.580821,0.0628319,0,0.819003,0.612
2.314,0.579812,0.0628319,0,0.80906,0.614
2.316,0.578798,0.0628319,0,0.798674,0.616
2.318,0.57778,0.0628319,0,0.787838,0.618
2.32,0.576756,0.0628319,0,0.77654,0.62
2.322,0.575729,0.0628319,0,0.764775,0.622
2.324,0.574697,0.0628319,0,0.752534,0.624
2.326,0.57366,0.0628319,0,0.739812,0.626
2.328,0.572619,0.0628319,0,0.726605,0.628
2.33,0.571573,0.0628319,0,0.712911,0.63
2.332,0.570523,0.0628319,0,0.698728,0.632
2.334,0.569469,0.0628319,0,0.684057,0.634
2.336,0.56841,0.0628319,0,0.668903,0.636
2.338,0.567346,0.0628319,0,0.653271,0.638
2.34,0.566279,0.0628319,0,0.637169,0.64
2.342,0.565207,0.0628319,0,0.620608,0.642
2.344,0.564131,0.0628319,0,0.603602,0.644
2.346,0.563051,0.0628319,0,0.586167,0.646
2.348,0.561967,0.0628319,0,0.568325,0.648
2.35,0.560878,0.0628319,0,0.550097,0.65
2.352,0.559785,0.0628319,0,0.531512,0.652
2.354,0.558689,0.0628319,0,0.512599,0.654
2.356,0.557588,0.0628319,0,0.493393,0.656
2.358,0.556483,0.0628319,0,0.473931,0.658
2.36,0.555374,0.0628319,0,0.454254,0.66
2.362,0.554262,0.0628319,0,0.434408,0.662
2.364,0.553145,0.0628319,0,0.41444,0.664
2.366,0.552024,0.0628319,0,0.394402,0.666
2.368,0.5509,0.0628319,0,0.374348,0.668
2.37,0.549772,0.0628319,0,0.354335,0.67
2.372,0.54864,0.0628319,0,0.334423,0.672
2.374,0.547504,0.0628319,0,0.314673,0.674
2.376,0.546365,0.0628319,0,0.295146,0.676
2.378,0.545222,0.0628319,0,0.275907,0.678
2.38,0.544075,0.0628319,0,0.257019,0.68
2.382,0.542924,0.0628319,0,0.238544,0.682
2.384,0.54177,0.0628319,0,0.220545,0.684
2.386,0.540613,0.0628319,0,0.20308,0.686
2.388,0.539452,0.0628319,0,0.186207,0.688
2.39,0.538287,0.0628319,0,0.169978,0.69
2.392,0.537119,0.0628319,0,0.154442,0.692
2.394,0.535948,0.0628319,0,0.139642,0.694
2.396,0.534773,0.0628319,0,0.125616,0.696
2.398,0.533595,0.0628319,0,0.112394,0.698
2.4,0.532413,0.0628319,0,0.1,0.7
2.402,0.531229,0.0628319,0,0.0884509,0.702
2.404,0.530041,0.0628319,0,0.0777549,0.704
2.406,0.528849,0.0628319,0,0.0679126,0.706
2.408,0.527655,0.0628319,0,0.0589167,0.708
2.41,0.526457,0.0628319,0,0.0507521,0.71
2.412,0.525257,0.0628319,0,0.0433963,0.712
2.414,0.524053,0.0628319,0,0.0368202,0.714
2.416,0.522846,0.0628319,0,0.0309882,0.716
2.418,0.521636,0.0628319,0,0.0258596,0.718
2.42,0.520423,0.0628319,0,0.021389,0.72
2.422,0.519207,0.0628319,0,0.0175277,0.722
2.424,0.517989,0.0628319,0,0.0142246,0.724
2.426,0.516767,0.0628319,0,0.0114273,0.726
2.428,0.515543,0.0628319,0,0.00908302,0.728
2.43,0.514315,0.0628319,0,0.00713992,0.73
2.432,0.513085,0.0628319,0,0.0055477,0.732
2.434,0.511853,0.0628319,0,0.00425853,0.734
2.436,0.510617,0.0628319,0,0.00322772,0.736
2.438,0.509379,0.0628319,0,0.0024142,0.738
2.44,0.508138,0.0628319,0,0.00178087,0.74
2.442,0.506895,0.0628319,0,0.0012948,0.742
2.444,0.505649,0.0628319,0,0.000927267,0.744
2.446,0.5044,0.0628319,0,0.00065365,0.746
2.448,0.503149,0.0628319,0,0.000453231,0.748
2.45,0.501896,0.0628319,0,0.000308894,0.75
2.452,0.50064,0.0628319,0,0.000206769,0.752
2.454,0.499381,0.0628319,0,0.000135831,0.754
2.456,0.498121,0.0628319,0,8.74978e-05,0.756
2.458,0.496858,0.0628319,0,5.52208e-05,0.758
2.46,0.495592,0.0628319,0,3.41136e-05,0.76
2.462,0.494325,0.0628319,0,2.06094e-05,0.762
2.464,0.493055,0.0628319,0,1.21646e-05,0.764
2.466,0.491783,0.0628319,0,7.00787e-06,0.766
2.468,0.490508,0.0628319,0,3.93616e-06,0.768
2.47,0.489232,0.0628319,0,2.15319e-06,0.77
2.472,0.487954,0.0628319,0,1.14584e-06,0.772
2.474,0.486673,0.0628319,0,5.92489e-07,0.774
2.476,0.48539,0.0628319,0,2.97317e-07,0.776
2.478,0.484106,0.0628319,0,1.44606e-07,0.778
2.48,0.482819,0.0628319,0,6.80768e-08,0.78
2.482,0.481531,0.0628319,0,3.09785e-08,0.782
2.484,0.48024,0.0628319,0,1.36065e-08,0.784
2.486,0.478948,0.0628319,0,5.75973e-09,0.786
2.488,0.477654,0.0628319,0,2.34616e-09,0.788
2.49,0.476358,0.0628319,0,9.18137e-10,0.79
2.492,0.475061,0.0628319,0,3.44607e-10,0.792
2.494,0.473761,0.0628319,0,1.23836e-10,0.794
2.496,0.47246,0.0628319,0,4.25297e-11,0.796
2.498,0.471157,0.0628319,0,1.39328e-11,0.798
2.5,0.469853,0.0628319,0,4.34546e-12,0.8
2.502,0.468547,0.0628319,0,1.28766e-12,0.802
2.504,0.46724,0.0628319,0,3.61754e-13,0.804
2.506,0.465931,0.0628319,0,9.61445e-14,0.806
2.508,0.46462,0.0628319,0,2.4118e-14,0.808
2.51,0.463308,0.0628319,0,5.69689e-15,0.81
2.512,0.461995,0.0628319,0,1.26399e-15,0.812
2.514,0.46068,0.0628319,0,2.62758e-16,0.814
2.516,0.459364,0.0628319,0,5.1041e-17,0.816
2.518,0.458046,0.0628319,0,9.23934e-18,0.818
2.52,0.456727,0.0628319,0,1.55411e-18,0.82
2.522,0.455407,0.0628319,0,2.42189e-19,0.822
2.524,0.454086,0.0628319,0,3.48599e-20,0.824
2.526,0.452764,0.0628319,0,4.61965e-21,0.826
2.528,0.45144,0.0628319,0,5.6178e-22,0.828
2.53,0.450115,0.0628319,0,6.24751e-23,0.83
2.532,0.448789,0.0628319,0,6.33117e-24,0.832
2.534,0.447462,0.0628319,0,5.82495e-25,0.834
2.536,0.446134,0.0628319,0,4.84693e-26,0.836
2.538,0.444805,0.0628319,0,3.63314e-27,0.838
2.54,0.443475,0.0628319,0,2.44314e-28,0.84
2.542,0.442145,0.0628319,0,1.4676e-29,0.842
2.544,0.440813,0.0628319,0,7.84037e-31,0.844
2.546,0.43948,0.0628319,0,3.70799e-32,0.846
2.548,0.438147,0.0628319,0,1.54506e-33,0.848
2.55,0.436812,0.0628319,0,5.64434e-35,0.85
2.552,0.435477,0.0628319,0,1.79853e-36,0.852
2.554,0.434141,0.0628319,0,4.9723e-38,0.854
2.556,0.432805,0.0628319,0,1.18616e-39,0.856
2.558,0.431468,0.0628319,0,2.42773e-41,0.858
2.56,0.43013,0.0628319,0,4.23808e-43,0.86
2.562,0.428791,0.0628319,0,6.27177e-45,0.862
2.564,0.427452,0.0628319,0,7.81834e-47,0.864
2.566,0.426113,0.0628319,0,8.15627e-49,0.866
2.568,0.424772,0.0628319,0,7.07244e-51,0.868
2.57,0.423432,0.0628319,0,5.06162e-53,0.87
2.572,0.422091,0.0628319,0,2.96815e-55,0.872
2.574,0.420749,0.0628319,0,1.4154e-57,0.874
2.576,0.419407,0.0628319,0,5.44598e-60,0.876
2.578,0.418065,0.0628319,0,1.6771e-62,0.878
2.58,0.416722,0.0628319,0,4.09908e-65,0.88
2.582,0.415379,0.0628319,0,7.88303e-68,0.882
2.584,0.414036,0.0628319,0,1.18217e-70,0.884
2.586,0.412693,0.0628319,0,1.36963e-73,0.886
2.588,0.411349,0.0628319,0,1.2142e-76,0.888
2.59,0.410005,0.0628319,0,8.15488e-80,0.89
2.592,0.408661,0.0628319,0,4.10682e-83,0.892
2.594,0.407317,0.0628319,0,1.53436e-86,0.894
2.596,0.405973,0.0628319,0,4.2062e-90,0.896
2.598,0.404629,0.0628319,0,8.36446e-94,0.898
2.6,0.403285,0.0628319,0,1.19246e-97,0.9
2.602,0.40194,0.0628319,0,1.20393e-101,0.902
2.604,0.400596,0.0628319,0,8.50013e-106,0.904
2.606,0.399252,0.0628319,0,4.1423e-110,0.906
2.608,0.397908,0.0628319,0,1.37462e-114,0.908
2.61,0.396564,0.0628319,0,3.0632e-119,0.91
2.612,0.39522,0.0628319,0,4.51803e-124,0.912
2.614,0.393876,0.0628319,0,4.34522e-129,0.914
2.616,0.392533,0.0628319,0,2.68322e-134,0.916
2.618,0.39119,0.0628319,0,1.047e-139,0.918
2.62,0.389847,0.0628319,0,2.53931e-145,0.92
2.622,0.388504,0.0628319,0,3.76313e-151,0.922
2.624,0.387162,0.0628319,0,3.34802e-157,0.924
2.626,0.38582,0.0628319,0,1.75597e-163,0.926
2.628,0.384478,0.0628319,0,5.32786e-170,0.928
2.63,0.383137,0.0628319,0,9.17153e-177,0.93
2.632,0.381796,0.0628319,0,8.77907e-184,0.932
2.634,0.380456,0.0628319,0,4.57663e-191,0.934
2.636,0.379116,0.0628319,0,1.27177e-198,0.936
2.638,0.377777,0.0628319,0,1.84248e-206,0.938
2.64,0.376438,0.0628319,0,1.36012e-214,0.94
2.642,0.3751,0.0628319,0,4.9963e-223,0.942
2.644,0.373762,0.0628319,0,8.91256e-232,0.944
2.646,0.372425,0.0628319,0,7.52786e-241,0.946
2.648,0.371089,0.0628319,0,2.93313e-250,0.948
2.65,0.369754,0.0628319,0,5.132e-260,0.95
2.652,0.368419,0.0628319,0,3.92158e-270,0.952
2.654,0.367085,0.0628319,0,1.27171e-280,0.954
2.656,0.365751,0.0628319,0,1.69899e-291,0.956
2.658,0.364419,0.0628319,0,9.06949e-303,0.958
2.66,0.363087,0.0628319,0,1.87432e-314,0.96
2.662,0.361756,0.0628319,0,0,0.962
2.664,0.360426,0.0628319,0,0,0.964
2.666,0.359097,0.0628319,0,0,0.966
2.668,0.357769,0.0628319,0,0,0.968
2.67,0.356442,0.0628319,0,0,0.97
2.672,0.355115,0.0628319,0,0,0.972
2.674,0.35379,0.0628319,0,0,0.974
2.676,0.352466,0.0628319,0,0,0.976
2.678,0.351143,0.0628319,0,0,0.978
2.68,0.34982,0.0628319,0,0,0.98
2.682,0.3485,0.0628319,0,0,0.982
2.684,0.34718,0.0628319,0,0,0.984
2.686,0.345861,0.0628319,0,0,0.986
2.688,0.344543,0.0628319,0,0,0.988
2.69,0.343227,0.0628319,0,0,0.99
2.692,0.341912,0.0628319,0,0,0.992
2.694,0.340598,0.0628319,0,0,0.994
2.696,0.339286,0.0628319,0,0,0.996
2.698,0.337974,0.0628319,0,0,0.998
2.7,0.336664,0.0628319,0,0,1
2.702,0.335356,0.0628319,0,0,1.002
2.704,0.334049,0.0628319,0,0,1.004
2.706,0.332743,0.0628319,0,0,1.006
2.708,0.331439,0.0628319,0,0,1.008
2.71,0.330136,0.0628319,0,0,1.01
2.712,0.328834,0.0628319,0,0,1.012
2.714,0.327534,0.0628319,0,0,1.014
2.716,0.326236,0.0628319,0,0,1.016
2.718,0.324939,0.0628319,0,0,1.018
2.72,0.323643,0.0628319,0,0,1.02
2.722,0.32235,0.0628319,0,0,1.022
2.724,0.321057,0.0628319,0,0,1.024
2.726,0.319767,0.0628319,0,0,1.026
2.728,0.318478,0.0628319,0,0,1.028
2.73,0.317191,0.0628319,0,0,1.03
2.732,0.315905,0.0628319,0,0,1.032
2.734,0.314621,0.0628319,0,0,1.034
2.736,0.313339,0.0628319,0,0,1.036
2.738,0.312059,0.0628319,0,0,1.038
2.74,0.31078,0.0628319,0,0,1.04
2.742,0.309504,0.0628319,0,0,1.042
2.744,0.308229,0.0628319,0,0,1.044
2.746,0.306956,0.0628319,0,0,1.046
2.748,0.305684,0.0628319,0,0,1.048
2.75,0.304415,0.0628319,0,0,1.05
2.752,0.303148,0.0628319,0,0,1.052
2.754,0.301882,0.0628319,0,0,1.054
2.756,0.300619,0.0628319,0,0,1.056
2.758,0.299357,0.0628319,0,0,1.058
2.76,0.298097,0.0628319,0,0,1.06
2.762,0.29684,0.0628319,0,0,1.062
2.764,0.295584,0.0628319,0,0,1.064
2.766,0.294331,0.0628319,0,0,1.066
2.768,0.293079,0.0628319,0,0,1.068
2.77,0.29183,0.0628319,0,0,1.07
2.772,0.290582,0.0628319,0,0,1.072
2.774,0.289337,0.0628319,0,0,1.074
2.776,0.288094,0.0628319,0,0,1.076
2.778,0.286853,0.0628319,0,0,1.078
2.78,0.285614,0.0628319,0,0,1.08
2.782,0.284378,0.0628319,0,0,1.082
2.784,0.283143,0.0628319,0,0,1.084
2.786,0.281911,0.0628319,0,0,1.086
2.788,0.280681,0.0628319,0,0,1.088
2.79,0.279454,0.0628319,0,0,1.09
2.792,0.278228,0.0628319,0,0,1.092
2.794,0.277005,0.0628319,0,0,1.094
2.796,0.275785,0.0628319,0,0,1.096
2.798,0.274566,0.0628319,0,0,1.098
2.8,0.27335,0.0628319,0,0,1.1
2.802,0.272136,0.0628319,0,0,1.102
2.804,0.270925,0.0628319,0,0,1.104
2.806,0.269716,0.0628319,0,0,1.106
2.808,0.26851,0.0628319,0,0,1.108
2.81,0.267306,0.0628319,0,0,1.11
2.812,0.266104,0.0628319,0,0,1.112
2.814,0.264905,0.0628319,0,0,1.114
2.816,0.263708,0.0628319,0,0,1.116
2.818,0.262514,0.0628319,0,0,1.118
2.82,0.261322,0.0628319,0,0,1.12
2.822,0.260133,0.0628319,0,0,1.122
2.824,0.258946,0.0628319,0,0,1.124
2.826,0.257762,0.0628319,0,0,1.126
2.828,0.25658,0.0628319,0,0,1.128
2.83,0.255401,0.0628319,0,0,1.13
2.832,0.254225,0.0628319,0,0,1.132
2.834,0.253051,0.0628319,0,0,1.134
2.836,0.25188,0.0628319,0,0,1.136
2.838,0.250712,0.0628319,0,0,1.138
2.84,0.249546,0.0628319,0,0,1.14
2.842,0.248383,0.0628319,0,0,1.142
2.844,0.247222,0.0628319,0,0,1.144
2.846,0.246064,0.0628319,0,0,1.146
2.848,0.244909,0.0628319,0,0,1.148
2.85,0.243757,0.0628319,0,0,1.15
2.852,0.242607,0.0628319,0,0,1.152
2.854,0.24146,0.0628319,0,0,1.154
2.856,0.240316,0.0628319,0,0,1.156
2.858,0.239174,0.0628319,0,0,1.158
2.86,0.238036,0.0628319,0,0,1.16
2.862,0.2369,0.0628319,0,0,1.162
2.864,0.235767,0.0628319,0,0,1.164
2.866,0.234636,0.0628319,0,0,1.166
2.868,0.233509,0.0628319,0,0,1.168
2.87,0.232384,0.0628319,0,0,1.17
2.872,0.231263,0.0628319,0,0,1.172
2.874,0.230144,0.0628319,0,0,1.174
2.876,0.229028,0.0628319,0,0,1.176
2.878,0.227914,0.0628319,0,0,1.178
2.88,0.226804,0.0628319,0,0,1.18
2.882,0.225697,0.0628319,0,0,1.182
2.884,0.224592,0.0628319,0,0,1.184
2.886,0.223491,0.0628319,0,0,1.186
2.888,0.222392,0.0628319,0,0,1.188
2.89,0.221297,0.0628319,0,0,1.19
2.892,0.220204,0.0628319,0,0,1.192
2.894,0.219114,0.0628319,0,0,1.194
2.896,0.218027,0.0628319,0,0,1.196
2.898,0.216943,0.0628319,0,0,1.198
2.9,0.215863,0.0628319,0,0,1.2
2.902,0.214785,0.0628319,0,0,1.202
2.904,0.21371,0.0628319,0,0,1.204
2.906,0.212638,0.0628319,0,0,1.206
2.908,0.211569,0.0628319,0,0,1.208
2.91,0.210504,0.0628319,0,0,1.21
2.912,0.209441,0.0628319,0,0,1.212
2.914,0.208381,0.0628319,0,0,1.214
2.916,0.207325,0.0628319,0,0,1.216
2.918,0.206271,0.0628319,0,0,1.218
2.92,0.205221,0.0628319,0,0,1.22
2.922,0.204174,0.0628319,0,0,1.222
2.924,0.203129,0.0628319,0,0,1.224
2.926,0.202088,0.0628319,0,0,1.226
2.928,0.20105,0.0628319,0,0,1.228
2.93,0.200015,0.0628319,0,0,1.23
2.932,0.198983,0.0628319,0,0,1.232
2.934,0.197954,0.0628319,0,0,1.234
2.936,0.196929,0.0628319,0,0,1.236
2.938,0.195906,0.0628319,0,0,1.238
2.94,0.194887,0.0628319,0,0,1.24
2.942,0.193871,0.0628319,0,0,1.242
2.944,0.192858,0.0628319,0,0,1.244
2.946,0.191848,0.0628319,0,0,1.246
2.948,0.190841,0.0628319,0,0,1.248
2.95,0.189838,0.0628319,0,0,1.25
2.952,0.188837,0.0628319,0,0,1.252
2.954,0.18784,0.0628319,0,0,1.254
2.956,0.186846,0.0628319,0,0,1.256
2.958,0.185856,0.0628319,0,0,1.258
2.96,0.184868,0.0628319,0,0,1.26
2.962,0.183884,0.0628319,0,0,1.262
2.964,0.182903,0.0628319,0,0,1.264
2.966,0.181925,0.0628319,0,0,1.266
2.968,0.18095,0.0628319,0,0,1.268
2.97,0.179978,0.0628319,0,0,1.27
2.972,0.17901,0.0628319,0,0,1.272
2.974,0.178045,0.0628319,0,0,1.274
2.976,0.177083,0.0628319,0,0,1.276
2.978,0.176125,0.0628319,0,0,1.278
2.98,0.175169,0.0628319,0,0,1.28
2.982,0.174217,0.0628319,0,0,1.282
2.984,0.173268,0.0628319,0,0,1.284
2.986,0.172323,0.0628319,0,0,1.286
2.988,0.171381,0.0628319,0,0,1.288
2.99,0.170442,0.0628319,0,0,1.29
2.992,0.169506,0.0628319,0,0,1.292
2.994,0.168573,0.0628319,0,0,1.294
2.996,0.167644,0.0628319,0,0,1.296
2.998,0.166718,0.0628319,0,0,1.298
3,0.165795,0.0628319,0,0,1.3
3.002,0.164876,0.0628319,0,0,1.302
3.004,0.16396,0.0628319,0,0,1.304
3.006,0.163047,0.0628319,0,0,1.306
3.008,0.162137,0.0628319,0,0,1.308
3.01,0.161231,0.0628319,0,0,1.31
3.012,0.160328,0.0628319,0,0,1.312
3.014,0.159428,0.0628319,0,0,1.314
3.016,0.158532,0.0628319,0,0,1.316
3.018,0.157638,0.0628319,0,0,1.318
3.02,0.156748,0.0628319,0,0,1.32
3.022,0.155862,0.0628319,0,0,1.322
3.024,0.154979,0.0628319,0,0,1.324
3.026,0.154099,0.0628319,0,0,1.326
3.028,0.153222,0.0628319,0,0,1.328
3.03,0.152348,0.0628319,0,0,1.33
3.032,0.151478,0.0628319,0,0,1.332
3.034,0.150611,0.0628319,0,0,1.334
3.036,0.149748,0.0628319,0,0,1.336
3.038,0.148888,0.0628319,0,0,1.338
3.04,0.148031,0.0628319,0,0,1.34
3.042,0.147177,0.0628319,0,0,1.342
3.044,0.146327,0.0628319,0,0,1.344
3.046,0.14548,0.0628319,0,0,1.346
3.048,0.144636,0.0628319,0,0,1.348
3.05,0.143796,0.0628319,0,0,1.35
3.052,0.142958,0.0628319,0,0,1.352
3.054,0.142125,0.0628319,0,0,1.354
3.056,0.141294,0.0628319,0,0,1.356
3.058,0.140467,0.0628319,0,0,1.358
3.06,0.139643,0.0628319,0,0,1.36
3.062,0.138822,0.0628319,0,0,1.362
3.064,0.138005,0.0628319,0,0,1.364
3.066,0.13719,0.0628319,0,0,1.366
3.068,0.13638,0.0628319,0,0,1.368
3.07,0.135572,0.0628319,0,0,1.37
3.072,0.134768,0.0628319,0,0,1.372
3.074,0.133967,0.0628319,0,0,1.374
3.076,0.133169,0.0628319,0,0,1.376
3.078,0.132375,0.0628319,0,0,1.378
3.08,0.131584,0.0628319,0,0,1.38
3.082,0.130796,0.0628319,0,0,1.382
3.084,0.130011,0.0628319,0,0,1.384
3.086,0.12923,0.0628319,0,0,1.386
3.088,0.128452,0.0628319,0,0,1.388
3.09,0.127677,0.0628319,0,0,1.39
3.092,0.126905,0.0628319,0,0,1.392
3.094,0.126137,0.0628319,0,0,1.394
3.096,0.125372,0.0628319,0,0,1.396
3.098,0.12461,0.0628319,0,0,1.398
3.1,0.123852,0.0628319,0,0,1.4
3.102,0.123097,0.0628319,0,0,1.402
3.104,0.122345,0.0628319,0,0,1.404
3.106,0.121596,0.0628319,0,0,1.406
3.108,0.12085,0.0628319,0,0,1.408
3.11,0.120108,0.0628319,0,0,1.41
3.112,0.119369,0.0628319,0,0,1.412
3.114,0.118633,0.0628319,0,0,1.414
3.116,0.117901,0.0628319,0,0,1.416
3.118,0.117171,0.0628319,0,0,1.418
3.12,0.116445,0.0628319,0,0,1.42
3.122,0.115722,0.0628319,0,0,1.422
3.124,0.115002,0.0628319,0,0,1.424
3.126,0.114286,0.0628319,0,0,1.426
3.128,0.113573,0.0628319,0,0,1.428
3.13,0.112862,0.0628319,0,0,1.43
3.132,0.112156,0.0628319,0,0,1.432
3.134,0.111452,0.0628319,0,0,1.434
3.136,0.110751,0.0628319,0,0,1.436
3.138,0.110054,0.0628319,0,0,1.438
3.14,0.10936,0.0628319,0,0,1.44
3.142,0.108669,0.0628319,0,0,1.442
3.144,0.107981,0.0628319,0,0,1.444
3.146,0.107296,0.0628319,0,0,1.446
3.148,0.106615,0.0628319,0,0,1.448
3.15,0.105936,0.0628319,0,0,1.45
3.152,0.105261,0.0628319,0,0,1.452
3.154,0.104589,0.0628319,0,0,1.454
3.156,0.10392,0.0628319,0,0,1.456
3.158,0.103254,0.0628319,0,0,1.458
3.16,0.102591,0.0628319,0,0,1.46
3.162,0.101932,0.0628319,0,0,1.462
3.164,0.101275,0.0628319,0,0,1.464
3.166,0.100622,0.0628319,0,0,1.466
3.168,0.0999717,0.0628319,0,0,1.468
3.17,0.0993245,0.0628319,0,0,1.47
3.172,0.0986804,0.0628319,0,0,1.472
3.174,0.0980395,0.0628319,0,0,1.474
3.176,0.0974016,0.0628319,0,0,1.476
3.178,0.0967668,0.0628319,0,0,1.478
3.18,0.096135,0.0628319,0,0,1.48
3.182,0.0955063,0.0628319,0,0,1.482
3.184,0.0948807,0.0628319,0,0,1.484
3.186,0.0942581,0.0628319,0,0,1.486
3.188,0.0936386,0.0628319,0,0,1.488
3.19,0.0930221,0.0628319,0,0,1.49
3.192,0.0924086,0.0628319,0,0,1.492
3.194,0.0917982,0.0628319,0,0,1.494
3.196,0.0911908,0.0628319,0,0,1.496
3.198,0.0905863,0.0628319,0,0,1.498
3.2,0.0899849,0.0628319,0,0,1.5
3.202,0.0893865,0.0628319,0,0,1.502
3.204,0.0887911,0.0628319,0,0,1.504
3.206,0.0881987,0.0628319,0,0,1.506
3.208,0.0876093,0.0628319,0,0,1.508
3.21,0.0870228,0.0628319,0,0,1.51
3.212,0.0864393,0.0628319,0,0,1.512
3.214,0.0858587,0.0628319,0,0,1.514
3.216,0.0852812,0.0628319,0,0,1.516
3.218,0.0847065,0.0628319,0,0,1.518
3.22,0.0841348,0.0628319,0,0,1.52
3.222,0.083566,0.0628319,0,0,1.522
3.224,0.0830001,0.0628319,0,0,1.524
3.226,0.0824372,0.0628319,0,0,1.526
3.228,0.0818772,0.0628319,0,0,1.528
3.23,0.08132,0.0628319,0,0,1.53
3.232,0.0807658,0.0628319,0,0,1.532
3.234,0.0802144,0.0628319,0,0,1.534
3.236,0.079666,0.0628319,0,0,1.536
3.238,0.0791204,0.0628319,0,0,1.538
3.24,0.0785776,0.0628319,0,0,1.54
3.242,0.0780377,0.0628319,0,0,1.542
3.244,0.0775007,0.0628319,0,0,1.544
3.246,0.0769665,0.0628319,0,0,1.546
3.248,0.0764351,0.0628319,0,0,1.548
3.25,0.0759066,0.0628319,0,0,1.55
3.252,0.0753809,0.0628319,0,0,1.552
3.254,0.074858,0.0628319,0,0,1.554
3.256,0.0743378,0.0628319,0,0,1.556
3.258,0.0738205,0.0628319,0,0,1.558
3.26,0.073306,0.0628319,0,0,1.56
3.262,0.0727942,0.0628319,0,0,1.562
3.264,0.0722853,0.0628319,0,0,1.564
3.266,0.071779,0.0628319,0,0,1.566
3.268,0.0712756,0.0628319,0,0,1.568
3.27,0.0707748,0.0628319,0,0,1.57
3.272,0.0702768,0.0628319,0,0,1.572
3.274,0.0697816,0.0628319,0,0,1.574
3.276,0.069289,0.0628319,0,0,1.576
3.278,0.0687992,0.0628319,0,0,1.578
3.28,0.0683121,0.0628319,0,0,1.58
3.282,0.0678277,0.0628319,0,0,1.582
3.284,0.0673459,0.0628319,0,0,1.584
3.286,0.0668669,0.0628319,0,0,1.586
3.288,0.0663905,0.0628319,0,0,1.588
3.29,0.0659167,0.0628319,0,0,1.59
3.292,0.0654457,0.0628319,0,0,1.592
3.294,0.0649772,0.0628319,0,0,1.594
3.296,0.0645114,0.0628319,0,0,1.596
3.298,0.0640483,0.0628319,0,0,1.598
3.3,0.0635877,0.0628319,0,0,1.6
3.302,0.0631298,0.0628319,0,0,1.602
3.304,0.0626744,0.0628319,0,0,1.604
3.306,0.0622217,0.0628319,0,0,1.606
3.308,0.0617715,0.0628319,0,0,1.608
3.31,0.0613239,0.0628319,0,0,1.61
3.312,0.0608789,0.0628319,0,0,1.612
3.314,0.0604364,0.0628319,0,0,1.614
3.316,0.0599965,0.0628319,0,0,1.616
3.318,0.0595592,0.0628319,0,0,1.618
3.32,0.0591243,0.0628319,0,0,1.62
3.322,0.058692,0.0628319,0,0,1.622
3.324,0.0582622,0.0628319,0,0,1.624
3.326,0.0578349,0.0628319,0,0,1.626
3.328,0.0574101,0.0628319,0,0,1.628
3.33,0.0569878,0.0628319,0,0,1.63
3.332,0.0565679,0.0628319,0,0,1.632
3.334,0.0561506,0.0628319,0,0,1.634
3.336,0.0557357,0.0628319,0,0,1.636
3.338,0.0553232,0.0628319,0,0,1.638
3.34,0.0549132,0.0628319,0,0,1.64
3.342,0.0545056,0.0628319,0,0,1.642
3.344,0.0541004,0.0628319,0,0,1.644
3.346,0.0536977,0.0628319,0,0,1.646
3.348,0.0532974,0.0628319,0,0,1.648
3.35,0.0528994,0.0628319,0,0,1.65
3.352,0.0525039,0.0628319,0,0,1.652
3.354,0.0521107,0.0628319,0,0,1.654
3.356,0.0517199,0.0628319,0,0,1.656
3.358,0.0513314,0.0628319,0,0,1.658
3.36,0.0509453,0.0628319,0,0,1.66
3.362,0.0505616,0.0628319,0,0,1.662
3.364,0.0501802,0.0628319,0,0,1.664
3.366,0.0498011,0.0628319,0,0,1.666
3.368,0.0494243,0.0628319,0,0,1.668
3.37,0.0490498,0.0628319,0,0,1.67
3.372,0.0486777,0.0628319,0,0,1.672
3.374,0.0483078,0.0628319,0,0,1.674
3.376,0.0479402,0.0628319,0,0,1.676
3.378,0.0475748,0.0628319,0,0,1.678
3.38,0.0472117,0.0628319,0,0,1.68
3.382,0.0468509,0.0628319,0,0,1.682
3.384,0.0464923,0.0628319,0,0,1.684
3.386,0.0461359,0.0628319,0,0,1.686
3.388,0.0457818,0.0628319,0,0,1.688
3.39,0.0454299,0.0628319,0,0,1.69
3.392,0.0450802,0.0628319,0,0,1.692
3.394,0.0447326,0.0628319,0,0,1.694
3.396,0.0443873,0.0628319,0,0,1.696
3.398,0.0440441,0.0628319,0,0,1.698
3.4,0.0437031,0.0628319,0,0,1.7
